fac_no_faction|Без фракції
fac_commoners|Простолюдини
fac_outlaws|Вигнанці
fac_neutral|Нейтрали
fac_innocents|Мирні
fac_merchants|Торговці
fac_player_faction|Фракція гравця
fac_player_supporters_faction|Прихильники гравця
fac_kingdom_1|Королівство Свадія
fac_kingdom_2|Вегірське Царство
fac_kingdom_3|Хергітська Орда
fac_kingdom_4|Королівство Нордів
fac_kingdom_5|Королівство Роддоків
fac_kingdom_6|Саранідський Султанат
fac_manhunters|Мисливці за головами
fac_deserters|Харцизи
fac_mountain_bandits|Гірські шибайголови
fac_forest_bandits|Лісові шибайголови