menu_start_game_0| Ласкаво просимо до гри "Mount and Blade. Warband". Перш ніж розпочати гру, Вам необхідно створити свого персонажа. Пам'ятайте, що у традиційному середньовічному суспільстві - а саме воно відображено в грі - всі політичні та військові питання вирішували чоловіки-аристократи. Це не означає, що Ви не можете грати за жінку чи за простолюдина, але ігровий процес за особу благородного походження буде дещо простішим. Утім, усі герої зможуть досягти в грі будь-яких вершин, хоча декому доведеться важче, себто гра для них буде складнішою та цікавішою.
mno_continue|Продовжити...
mno_go_back|Назад
menu_start_phase_2|Ви прибуваєте до Кальрадії - світ, що роздирають війни між молодими державами, які невпинно борються за владу та землі. Це справжній рай для лицарів та найманців, шибайголів та шукачів пригод - коротше кажучі, для всіх, хто готовий ризикнути своїм життям у погоні за багатством, могутністю чи славою... Небезпека чекає Вас на кожному кроці, але де шукати щастя, як не тут!? Зараз Ви стоїте на високому пагорбі, оглядаючи землі внизу, Ви відчуваєте, що ключ до Вашої долі у Ваших руках. Усі дороги Кальрадії відкриті для Вас, і що б Ви не обрали, на Вас чекають дивовижні пригоди.
mno_town_1|Приєднатися до каравану, що прямує до Правена, королівства Свадія.
mno_town_2|Приєднатися до каравану, що прямує до Рейвадіна, Вегірського князівства.
mno_town_3|Приєднатися до каравану, що прямує до Тульги, Хергітської орди.
mno_town_4|Сісти на корабель до Саргота, королівства Нордів.
mno_town_5|Сісти на корабель до Джелкали, королівства Родоків.
mno_town_6|Приєднатися до каравану, що прямує до Шаріза, Саранідського султанату.
menu_start_game_3|Оберіть сценарій:
mno_go_back|Назад.
menu_tutorial|Ви наближаєтеся до майданчика, на якому місцеві воїни вправляються зі зброєю. Тут Ви можете потренуватися, щоб поліпшити свої бойові навики.
mno_continue|Продовжити...
mno_go_back_dot|Назад
menu_reports|Популярність персонажа: {reg5}^Рейтинг честі: {reg6}^Бойовий дух війська: {reg8}^Максимальна чисельність війська: {reg7}^
mno_view_character_report|Переглянути дані про персонажа
mno_view_party_size_report|Переглянути дані про чисельність війська.
mno_view_npc_mission_report|Переглянути завдання компаньйонів.
mno_view_weekly_budget_report|Переглянути тижневий кошторис.
mno_view_morale_report|Переглянути дані про бойовий дух війська.
mno_lord_relations|Перелік взаємин лордів.
mno_courtship_relations|Переглянути успіхи в залицяннях.
mno_view_faction_relations_report|Переглянути дані про відносини з фракціями.
mno_resume_travelling|Продовжити подорож.
menu_custom_battle_scene|(БЕЗ ПЕРЕКЛАДУ)
menu_custom_battle_end|Бій закінчено. {s1} Ваш загін убив {reg5} ворогів і втратив {reg6} воїнів. Ви самотужки вбили у бою {reg7} ворогів.
mno_continue|Продовжити...
menu_start_game_1|Оберіть стать свого героя.
mno_start_male|Чоловіча
mno_start_female|Жіноча
mno_go_back|Назад
menu_start_character_1|Ви народилися далеко від цих земель. Ваш батько був...
mno_start_noble|... збіднілим шляхтичем.
mno_start_merchant|... мандрівним торговцем.
mno_start_guard|... старим солдатом.
mno_start_forester|... мисливцем.
mno_start_nomad|... степовим кочівником.
mno_start_thief|... злодієм.
mno_go_back|Назад.
menu_start_character_2|{s10}^^ Ви почали пізнавати світ, щойно навчилися ходити й говорити. Свої ранні роки Ви провели як...
mno_page|... паж при дворі вельможі.
mno_apprentice|... помічник ремісника.
mno_stockboy|... помічник у магазині.
mno_urchin|... дитя міських вулиць.
mno_nomad|... вільне дитя степів.
mno_go_back|Назад.
menu_start_character_3|{s11}^^ В юності Ваше життя змінилося, як це зазвичай і буває. Ви стали...
mno_squire|... зброєносцем.
mno_lady|... фрейліною.
mno_troubadour|... трубадуром.
mno_student|... студентом університету.
mno_peddler|... помічником в магазині.
mno_craftsman|... ковалем.
mno_poacher|... браконьєром.
mno_go_back|Назад.
menu_start_character_4|{s12}^^ Але незабаром події змусили Вас полишити все і стати шукачем пригод. Що ж змусило Вас прийняти таке рішення?
mno_revenge|Жага помсти.
mno_death|Загибель коханої людини.
mno_wanderlust|Мрія про далекі землі.
mno_disown|Вигнання з власного дому.
mno_greed|Прагнення до багатства і влади.
mno_go_back|Назад.
menu_choose_skill|{s13}
mno_begin_adventuring|Стати шукачем пригод і вирушити на пошуки долі.
mno_go_back_dot|Назад.
menu_past_life_explanation|{s3}
mno_view_next|{s5}
mno_continue|Продовжити...
mno_go_back_dot|Назад.
menu_morale_report|{s1}
mno_continue|Продовжити...
menu_courtship_relations|{s1}
mno_continue|Продовжити...
menu_lord_relations|{s1}
mno_continue|Продовжити...
menu_companion_report|{s7}{s1}
mno_continue|Продовжити...
menu_character_report|{s9}
mno_continue|Продовжити...
menu_party_size_report|{s1}
mno_continue|Продовжити...
menu_faction_relations_report|{s1}
mno_continue|Продовжити...
menu_camp|Ви розбиваєте табір. Що Ви хочете зробити?
mno_camp_action|Обрати дію.
mno_camp_wait_here|Зачекати певний час.
mno_camp_cheat|МЕНЮ ЧИТ-КОДІВ!
mno_resume_travelling|Продовжити подорож.
menu_camp_cheat|Оберіть чит:
mno_camp_cheat_find_item|Знайти предмет...
mno_camp_cheat_find_item|Змінити погоду...
menu_camp_action|Оберіть дію:
mno_camp_recruit_prisoners|Завербувати полонених до свого війська.
mno_action_read_book|Обрати книгу для читання.
mno_action_rename_kingdom|Перейменувати своє королівство.
mno_action_retire|Припинити життя шукача пригод.
mno_camp_action_4|До меню табору.
menu_camp_recruit_prisoners|Ви пропонуєте своїм бранцям свободу, якщо вони погодяться приєднатися до Вашого війська як воїни. {s18}
mno_camp_recruit_prisoners_accept|Узяти їх.
mno_camp_recruit_prisoners_reject|Відмовити їм.
mno_continue|Продовжити...
menu_camp_no_prisoners|У Вас немає бранців для вербування.
mno_continue|Продовжити...
menu_camp_action_read_book|Обрати книгу для читання.
mno_action_read_book_1|{s1}.
mno_action_read_book_2|{s1}.
mno_action_read_book_3|{s1}.
mno_action_read_book_4|{s1}.
mno_action_read_book_5|{s1}.
mno_action_read_book_6|{s1}.
mno_action_read_book_7|{s1}.
mno_camp_action_4|До меню табору.
menu_camp_action_read_book_start|{s1}
mno_continue|Продовжити...
menu_retirement_verify|{reg0}-й день Ваших пригод. Ваш капітал складає {reg1} динарів. Ви справді бажаєте завершити пригоди?
mno_retire_yes|Так.
mno_retire_no|Ні.
menu_end_game|Рішення прийнято: час припинити поневіряння. Вже немає ні сил, ні бажання шукати нові пригоди. Ви продаєте зброю і обладунки, розпускаєте загін і знаходите тихе пристановище подалі від воєн і негараздів...
mno_end_game_bye|Прощавайте.
menu_cattle_herd|Ви натикаєтеся на стадо худоби.
mno_cattle_drive_away|Погнати її вперед.
mno_cattle_stop|Зупинити стадо.
mno_cattle_kill|Забити кілька тварин.
mno_leave|Залишити округ.
menu_cattle_herd_kill|Скільки тварин Ви хочете забити?
mno_cattle_kill_1|Одну.
mno_cattle_kill_2|Дві.
mno_cattle_kill_3|Три.
mno_cattle_kill_4|Чотири.
mno_cattle_kill_5|П'ять.
mno_go_back_dot|Назад.
menu_arena_duel_fight|Ви та Ваш супротивник готуєтеся до поєдинку честі.
mno_continue|Продовжити...
mno_continue|Продовжити...
menu_simple_encounter|{s2} Ваші воїни готуються до атаки, бійців готових до бою {reg10}, проти {reg11} у противника.
mno_encounter_attack|Атакувати
mno_encounter_order_attack|Наказати своїм військам атакувати без Вас.
mno_encounter_leave|Залишити битву.
mno_encounter_retreat|Відступити, залишивши кілька солдатів прикривати відхід.
mno_encounter_surrender|Здатися.
menu_encounter_retreat_confirm|Оскільки Ви - найкращий тактик у загоні, (рівень тактики - {reg2}), {reg3? постачальник:{s3} розробляє} план, який дозволить Вам і вашим людям піти неушкодженими, але доведеться залишити {reg4} воїнів, які затримають ворога.
mno_leave_behind|Гаразд. Нам доведеться пожертвувати цими людьми, але тоді ми врятуємо інших.
mno_dont_leave_behind|Ніколи! Ми своїх не лишаємо!
menu_encounter_retreat|Ви віддаєте наказ своїм воїнам. Загін розміром {reg4} воїнів буде стримувати ворога, доки Ви відступаєте, відводячи решту війська.
mno_continue|Продовжити...
menu_order_attack_begin|Ваші війська готуються атакувати супротивника.
mno_order_attack_begin|Віддати наказ до початку атаки.
mno_call_back|Відкликати війська.
menu_order_attack_2|{s4}^^Ваші втрати: {s8}^^Втрати противника: {s9}
mno_order_attack_continue|Наказати своїм воїнам продовжити атаку.
mno_order_retreat|Відкликати своїх бійців.
mno_continue|Продовжити...
menu_battle_debrief|{s11}^^Ваші втрати: {s8}{s10}^^Втрати противника: {s9}
mno_continue|Продовжити...
menu_total_victory|Ви не повинні були побачити цей текст. {s9}
mno_continue|Продовжити...
menu_enemy_slipped_away|{s17}
mno_continue|Продовжити...
menu_permanent_damage|{s0}
mno_s0|{s0}
menu_pre_join|Ви натрапляєте на бій, який ведеться між {s2} і {s1}. Хто з них заслуговує Вашої підтримки?
mno_pre_join_help_attackers|Допомогти {s2}.
mno_pre_join_help_defenders|Допомогти {s1}.
mno_pre_join_leave|Жоден із них.
menu_join_battle|{s2} і Ви воюєте разом, Ваш супротивник {s1}. У Вас {reg10} готових до бою воїнів, у ворога - {reg11}.
mno_join_attack|Атакувати противника.
mno_join_order_attack|Наказати військам атакувати разом із союзниками, а самому залишитися осторонь.
mno_join_leave|Відступити.
menu_join_order_attack|{s4}^^Ваші втрати: {s8}^^Втрати союзників: {s9}^^Втрати противника: {s10}
mno_continue|Продовжити...
menu_zendar|Ви в'їзджаєте до міста Зендар.
mno_zendar_enter|
mno_zendar_enter_door|Вхід до центра міста
mno_zendar_tavern|
mno_zendar_tavern_door|Вхід до таверни
mno_zendar_merchant|
mno_zendar_merchant_door|Вхід до торгової крамниці
mno_zendar_arena|
mno_zendar_arena_door|Вхід на арену
mno_town_1_leave|
menu_salt_mine|Ви входите до соляних копалень.
mno_enter|Увійти.
mno_leave|Залишити їх.
menu_four_ways_inn|Ви прибуваєте до таверни Чотирьох Доріг.
mno_enter|Увійти.
mno_leave|Вийти.
menu_test_scene|Ви входите на тренувальну площадку.
mno_enter|Увійти.
mno_enter|Увійти.
mno_enter|Увійти.
mno_enter|Увійти.
mno_enter|Увійти.
mno_enter|Увійти.
mno_enter|Увійти.
mno_enter|Увійти.
mno_enter|Уведіть 9.
mno_leave|Піти.
mno_leave|Піти.
menu_dhorak_keep|Ви в'їзджаєте до фортеці Калькарі
mno_enter|В'їхати.
mno_leave|Залишити округ.
menu_join_siege_outside|{s2} бере в облогу {s1}.
mno_approach_besiegers|Підійти до осадного табору.
mno_pass_through_siege|Прорватися через облогові лінії та в'їхати до {s1}.
mno_leave|Залишити округ.
menu_cut_siege_without_fight|Вартові дозволяють Вам безперешкодно наблизитися до воріт.
mno_continue|Продовжити...
menu_besiegers_camp_with_allies|{s1} зараз в облозі. {s2} вітає Вас і Ваших людей у своєму таборі, над якими майорять його стяги.
mno_talk_to_siege_commander|Вимагати зустрічі з командувачем.
mno_join_siege_with_allies|Приєднатися до наступного штурму.
mno_join_siege_stay_back|Наказати воїнам приєднатися до наступного штурму без Вашої участи.
mno_leave|Залишити битву.
menu_castle_outside|Перед Вами {s2}.{s11} {s3} {s4}
mno_approach_gates|Наблизитися до воріт і привітати варту.
mno_town_sneak|Переодягнутися і спробувати проникнути до міста.
mno_castle_start_siege|Узяти {reg6?місто:тверджу} в облогу.
mno_castle_leave|Піти.
menu_castle_guard|Ви наближаєтеся до воріт. Люди зі стін пильно стежать за Вами.
mno_request_shelter|Попрохати дозволу в'їхати до замку.
mno_request_meeting_commander|Попрохати про зустріч.
mno_guard_leave|Піти.
menu_castle_entry_granted|Трохи згодом варта відчиняє ворота і впускає Вас досередини разом із Вашим загоном.
mno_continue|Продовжити...
menu_castle_entry_denied|Власник цього замку заборонив Вам входити до його стін. Керівник варти попереджає, що його воїни стрілятимуть, якщо Вам заманеться підійти ближче.
mno_continue|Продовжити...
menu_castle_meeting|З ким би Ви хотіли зустрітися?
mno_guard_meet_s5|{s5}.
mno_guard_meet_s5|{s5}.
mno_guard_meet_s5|{s5}.
mno_guard_meet_s5|{s5}.
mno_guard_meet_s5|{s5}.
mno_guard_meet_s5|{s5}.
mno_guard_meet_s5|{s5}.
mno_guard_meet_s5|{s5}.
mno_guard_meet_s5|{s5}.
mno_guard_meet_s5|{s5}.
mno_forget_it|Забудьте.
menu_castle_meeting_selected|Ваше прохання про зустріч передають, і нарешті до внутрішнього двору виходить {s6}, аби побалакати з Вами.
mno_continue|Продовжити...
menu_castle_besiege|{s1} перебуває в облозі. {s2} {s3}
mno_siege_request_meeting|Викликати на зустріч командувача обороною замку.
mno_wait_24_hours|Зачекати до завтра.
mno_castle_lead_attack|Повести бійців на штурм.
mno_attack_stay_back|Наказати своїм воїнам атакувати без Вас...
mno_build_ladders|Приготувати драбини для штурму стін.
mno_build_siege_tower|Побудувати облогову вежу.
mno_lift_siege|Зняти облогу.
menu_siege_attack_meets_sally|Оборонці проводять вилазку і йдуть у контрнаступ.
mno_continue|Продовжити...
menu_castle_besiege_inner_battle|{s1}
mno_continue|Продовжити...
menu_construct_ladders|Оскільки {reg3} - найкращий інженер у загоні ({reg2}), {reg3? підраховуєте:{s3} підраховує}, що на виготовлення штурмових драбин необхідно близько {reg4} годин.
mno_build_ladders_cont|Спорудити штурмові драбини.
mno_go_back|Назад.
menu_construct_siege_tower|Оскільки Ви - найкращий інженер у загоні ({reg2}), {reg3? підраховуєте:{s3} підраховує}, що на будівництво облогової вежі необхідно близько {reg4} годин.
mno_build_siege_tower_cont|Почати будівництво.
mno_go_back|Назад.
menu_castle_attack_walls_simulate|{s4}^^Ваші втрати: {s8}^^Втрати противника: {s9}
mno_continue|Продовжити...
menu_castle_attack_walls_with_allies_simulate|{s4}^^Ваші втрати: {s8}^^Втрати союзників: {s9}^^Втрати противника: {s10}
mno_continue|Продовжити...
menu_castle_taken_by_friends|Тут нема на що дивитися.
menu_castle_taken|{s3} пав під натиском Ваших військ, і тепер Ви повністю контролюєте {reg2?місто:замок}.{reg1? Ви можете зараз же розмістити тут гарнізон, щоб оборонити його від спроб повторного захоплення з боку ворога. Окрім того, Ви можете залишити {reg2?місто:замок} собі або ж віддати його вірному васалу...:}
mno_continue|Продовжити...
menu_castle_taken_2|{s3} пав під натиском Ваших військ, і тепер Ви повністю контролюєте замок. Настав час, аби {s9} дізнався про Вашу перемогу. {s5}
mno_castle_taken_claim|Зажадати {s3} собі, як нагороду.
mno_castle_taken_claim_2|Зажадати, аби {s3} дали в нагороду {дружині/чоловікові}.
mno_castle_taken_no_claim|Не прохати нагороди.
menu_requested_castle_granted_to_player|Ви отримали повідомлення від Вашого сеньйора {s3}.^^{reg4?Вона ухвалила:Він прийняв} рішення дарувати Вам {s2} {reg3? і прилегле село {s4}:}, разом із супутнім доходом і титулами, аби Ви володіли цим від {reg4?її:його} імени допки вірні васальній клятві.
mno_continue|Продовжити...
menu_requested_castle_granted_to_player_husband|Ви отримали повідомлення від Вашого лорда, {s3}.^^{reg4?Вона вирішила:Він вирішив} дарувати Вашому чоловікові {s7} {s2} {reg3? і прилегле село {s4}:}.
mno_continue|Продовжити...
menu_requested_castle_granted_to_another|Ви отримали повідомлення від Вашого правителя, {s3}.^^'Мене надзвичайно порадували звістки про Вашу доблесть при захопленні {s2}. Ваша перемога наповнила щастям наші серця. Окрім того, Ви просили мене дарувати Вам замок, але це благодіяння, на жаль, я не можу надати, оскільки Ви й так володієте значною власністю у моїй державі. Замість цього я посилаю Вам {reg6} динарів для покриття витрат Вашої військової компанії. А {s2} я віддаю {s5}.'
mno_accept_decision|Прийняти це рішення.
mno_leave_faction|З Вами кепсько обійшлися! Ви більше не зобов'язані служити своєму правителю!
menu_requested_castle_granted_to_another_female|Ви отримали повідомлення від Вашого лорда, {s3}.^^'Мене надзвичайно порадувала звістка про Вашу доблесть при захопленні {s2}. Ваша перемога наповнила щастям наші серця. Окрім того, Ви просили мене дарувати замок Вашому чоловікові. Боюся, що мені доведеться відмовити Вам у цьому проханні, оскільки йому й так належить безліч земель у моїй державі. Замість цього я посилаю Вам {reg6} динарів для покриття витрат Вашої військової компанії. А {s2} я віддам {s5}.'
mno_accept_decision|Прийняти це рішення.
menu_leave_faction|Зречення від васальної клятви - тяжка провина. Ваш правитель може винести Вам суворий вирок і конфіскувати всі Ваші землі й володіння. Однак, якщо Ви повернете їх із доброї волі, можливо, він не переслідуватиме Вас за зраду.
mno_leave_faction_give_back|Відректися від клятви й відмовитися від своїх володінь.
mno_leave_faction_hold|Відректися від клятви і правити землями, включно з {s2}, від власного імени.
mno_leave_faction_cancel|Зберегти вірність правителю й погодитися з його рішенням.
menu_give_center_to_player|Ваш повелитель пропонує збільшити Ваші володіння! {s1} надсилає листа, що хоче подарувати Вам {s2} у нагороду за вірну службу, збільшивши тим самим Ваші володіння. Якою буде Ваша відповідь?
mno_give_center_to_player_accept|Прийняти пропозицію.
mno_give_center_to_player_reject|Відмовитися. {s2} вам не потрібен.
menu_give_center_to_player_2|На короткій церемонії було офіційно оголошено, що {s2} {reg3? разом з селом {s4}:} тепер є вашою власністю. {reg3?Він;складе:Вони складуть} відмінну частинну ваших володінь. Тепер Ви можете претендувати на доходи з землі і податки з цих володінь, набирати рекрутів і управляти цими землями так, як вам здається правильним. Однак очікується, що Ви будете захищати свої володіння, не допустіть шкоди своїм підданим, а також будете стежити за дотриманням законності і порядку.
mno_continue|Продовжити...
menu_oath_fulfilled|За контрактом з {s1} Ви повинні служити йому певний період часу. Строк дії цього контракту закінчився. Що Ви маєте намір робити?
mno_renew_oath|Продовжити контракт з {s1} ще на один місяць.
mno_dont_renew_oath|Звільнитися від цих зобов'язань.
menu_siege_started_defender|{s1} починає штурм стін {s2}. У Вас {reg10} бійців, готових до бою, проти {reg11} бійців противника. Ви вирішуєте...
mno_siege_defender_join_battle|Вступити до битви.
mno_siege_defender_troops_join_battle|Наказати своїм людям вступити до бою без Вас.
menu_siege_join_defense|{s4}^^Ваші втрати: {s8}^^Втрати союзників: {s9}^^Втрати противника: {s10}
mno_continue|Продовжити...
menu_enter_your_own_castle|{s10}
mno_continue|Продовжити...
menu_village|{s10} {s12}^{s11}^{s6}{s7}
mno_village_manage|Врядування селом.
mno_recruit_volunteers|Набрати добровольців.
mno_village_center|Попрямувати до центру села.
mno_village_center_door|Дорога до центру села.
mno_village_buy_food|Придбати у селян припаси.
mno_village_attack_bandits|Напад розбійників.
mno_village_wait|Зачекати деякий час.
mno_collect_taxes_qst|{reg5?Продовжити збір податків:Зібрати податки}, що належать {s1}.
mno_train_peasants_against_bandits_qst|Тренувати селян.
mno_village_hostile_action|Учинити ворожі дії.
mno_village_leave|Залишити округ.
menu_village_hostile_action|Що у Вас на думці?
mno_village_take_food|Змусити селян віддати Вам припаси.
mno_village_steal_cattle|Викрасти худобу.
mno_village_loot|Розграбувати й спалити село.
mno_forget_it|Забудьте.
menu_recruit_volunteers|{s18}
mno_continue_not_enough_gold|У мене не вистачить на це грошей...
mno_continue|Продовжити...
mno_recruit_them|Найняти їх ({reg6} динарів).
mno_forget_it|Забудьте.
menu_village_hunt_down_fugitive_defeated|Сильний удар одного з утікачів збиває Вас із ніг, перед очима все крутиться й меркне. Коли Ви приходите до тями, то розумієте, що Вас добряче побили, але, начебто, жодна з Ваших ран не смертельна.
mno_continue|Продовжити...
menu_village_infest_bandits_result|{s9}
mno_continue|Продовжити...
menu_village_infestation_removed|Ви та Ваші воїни прогнали розбійників із села. Про цю чудову перемогу неодмінно складуть пісні й легенди. Жителі тепер у безпеці. У них не залишилося майже нічого цінного, але вони раді запропонувати Вам усе, що зможуть зібрати.
mno_village_bandits_defeated_accept|Прийняти запропоноване як належне.
mno_village_bandits_defeated_cont|Відмовитися, зауваживши, що їм усе це потрібно куди більше, ніж Вам.
menu_center_manage|{s19}^{reg6?^^Зараз будується {s7}. До кінця будівництва {reg8}{reg9?:}:} днів.
mno_center_build_manor|Побудувати маєток.
mno_center_build_fish_pond|Побудувати млин.
mno_center_build_watch_tower|Побудувати сторожову вежу.
mno_center_build_school|Побудувати школу.
mno_center_build_messenger_post|Побудувати поштову станцію.
mno_center_build_prisoner_tower|Побудувати в'язницю.
mno_go_back_dot|Назад.
menu_center_improve|{s19} Оскільки Ви - найкращий інженер у загоні ({reg2} очок), Ви {reg3? підраховуєте:{s3} прикидає} вартість будівлі. {s4} обійдеться Вам у {reg5} динарів; будівництво займе {reg6} днів.
mno_improve_cont|Будуйте.
mno_forget_it|Забудьте.
mno_improve_not_enough_gold|У мене не вистачить на це грошей.
menu_town_bandits_failed|{s4} {s5}
mno_continue|Продовжити...
menu_town_bandits_succeeded|Харцизи падають перед Вами одне за одним, наче колосся пшениці під серпом. Невдовзі Ви залишаєтеся наодинці, а більшість нападників або непритомні, або при смерті, або вже мертві. Обшукуючи тіла, Ви виявляєте гаманець, який, мабуть, належав одній із жертв цих мерзотників. А можливо, у цьому гамані їм передали плату за Вашу смерть?
mno_continue|Продовжити...
menu_village_steal_cattle_confirm|Оскільки Ви - найуміліший грабіжник у загоні, ({reg2} очок), {reg3? уважаєте:{s1} уважає}, що можете викрасти з села не більше {reg4} голів худоби.
mno_village_steal_cattle_confirm|Продовжуйте.
mno_forget_it|Забудьте.
menu_village_steal_cattle|{s1}
mno_continue|Продовжити...
menu_village_take_food_confirm|Буде непросто змусити селян погрозами й обіцянками віддати їх дорогоцінні припаси. Ви вважаєте, що Вам знадобиться на це щонайменше година.
mno_village_take_food_confirm|Розпочинайте.
mno_forget_it|Забудьте.
menu_village_take_food|Селяни неохоче виносять те, що у них є для Вас.
mno_take_supplies|Узяти припаси.
mno_let_them_keep_it|Дозволити їм зберегти припаси.
menu_village_start_attack|Дехто з розгніваних жителів села хапається за вила і готується дати відсіч. Схоже, якщо Ви продовжуватимете у тому ж дусі, Вас очікує бій.
mno_village_raid_attack|Напасти на них.
mno_village_raid_leave|Залишити в спокою цю село.
menu_village_loot_no_resist|Жителів села мало, вони налякані й розбігаються, ледве побачивши Вас. Село тепер цілком у Вашій владі.
mno_village_loot|Розграбувати й спалити село.
mno_village_raid_leave|Залишити в спокою це село.
menu_village_loot_complete|За Вашим наказом воїни спустошують село, захоплюючи все більш-менш цінне, а потім підпалюють будинки. Зі знайдених грошей і цінностей Ви берете собі частку розміром {reg1} динарів.
mno_continue|Продовжити...
menu_village_loot_defeat|Б'ючись сміливо та рішуче, сільські жителі змогли організувати серйозний опір і відкинути Ваші війська.
mno_continue|Продовжити...
menu_village_loot_continue|Бажаєте продовжити розграбування села?
mno_disembark_yes|Продовжити.
mno_disembark_no|Відставити.
menu_close|Закрити.
menu_town|{s10} {s14}^{s11}{s12}{s13}
mno_castle_castle|Пройти до зали правителя{s1}.
mno_castle_castle_door|Вхід до замку
mno_join_tournament|Узяти участь у турнірі.
mno_town_castle|Попрямувати до замку{s1}.
mno_town_castle_door|Вхід до замку
mno_town_center|Прогулятися вулицями.
mno_town_center_door|Вхід до центру міста
mno_town_tavern|Відвідати таверну.
mno_town_tavern_door|Вхід до таверни
mno_town_merchant|Відвідати торговців.
mno_town_merchant_door|Вхід до торговців
mno_town_arena|Вийти на арену.
mno_town_arena_door|Вхід на арену
mno_town_dungeon|Ні: не входити у в'язницю.
mno_town_dungeon_door|Вхід до в'язниці
mno_castle_inspect|Прогулятися внутрішнім двором.
mno_castle_inspect_door|До внутрішнього двору замку
mno_town_enterprise|{s3}.
mno_town_enterprise_door|Вхід на Ваше свято.
mno_visit_lady|Спробувати нанести візит пані.
mno_visit_lady_door|Двері до саду.
mno_trade_with_merchants|Вирушити на ринкову площу.
mno_walled_center_manage|Врядування цим {reg0?містом:замком}.
mno_walled_center_move_court|Навести тут лад.
mno_castle_station_troops|Розташувати тут гарнізон...
mno_castle_wait|Відпочити тут{s1}.
mno_collect_taxes_qst|{reg5?Продовжити збір податків:Зібрати податки}, належні для {s1}.
mno_town_leave|Залишити місто.
mno_town_leave_door|Полишити місцевість.
menu_cannot_enter_court|У палатах лорда триває бенкет, але Ви недостатньо високородні, аби на нього потрапити. Можливо, здобувши славу й визнання, Ви зможете потрапите туди. Окрім того, Ви можете взяти учать у турнірі ще до закінчення свята...
mno_continue|Продовжити...
menu_lady_visit|Кого Ви б хотіли відвідати?
mno_visit_lady_1|{s12}
mno_visit_lady_2|{s12}
mno_visit_lady_3|{s12}
mno_visit_lady_3_door|Двері до саду.
mno_visit_lady_4|{s12}
mno_visit_lady_5|{s12}
mno_visit_lady_6|{s12}
mno_visit_lady_7|{s12}
mno_visit_lady_8|{s12}
mno_leave|Піти.
menu_town_tournament_lost|Ви вибули зі змагань.{s8}
mno_continue|Продовжити...
menu_town_tournament_won|Ви виграли турнір міста {s3}! Вас наповнює гордість, коли натовп скандує Ваше ім'я. Окрім чести, слави й популярності, Ви заробили приз у розмірі {reg9} динарів. {s8}
mno_continue|Продовжити...
menu_town_tournament_won_by_another|Ставши єдиним воїном, що не зазнав поразки, {s1} виграє цей турнір, і {reg3?їй:йому} дістається вся слава.
mno_continue|Продовжити...
menu_town_tournament|{s1} Ви берете участь у {reg0}-му раунді турніру, в якому залишилося {reg1} учасників. У наступному раунді буде {reg2} команд із {reg3} бійцями у кожній{reg4?.:.}
mno_tournament_view_participants|Переглянути перелік учасників.
mno_tournament_bet|Поставити на себе.
mno_tournament_join_next_fight|Битися в наступному раунді.
mno_leave_tournament|Знятися з турніру.
menu_tournament_withdraw_verify|Ви справді бажаєте залишити турнір?
mno_tournament_withdraw_yes|Так, це безглуздий задум.
mno_tournament_withdraw_no|Ні, доки залишається надія на перемогу!
menu_tournament_bet|Ставки проти Вас - {reg5} до {reg6}.{reg1? Ви вже поставили {reg1} динарів на себе, і якщо здобудете перемогу, то отримаєте {reg2} динарів.:} Скільки Ви бажаєте поставити?
mno_bet_100_denars|100 динарів.
mno_bet_50_denars|50 динарів.
mno_bet_20_denars|20 динарів.
mno_bet_10_denars|10 динарів.
mno_bet_5_denars|5 динарів.
mno_go_back_dot|Назад.
menu_tournament_bet_confirm|Якщо Ви поставите {reg1} динарів, то отримаєте {reg2} динарів у разі перемоги в турнірі. Згодні?
mno_tournament_bet_accept|Згода.
mno_tournament_bet_cancel|Забудьте.
menu_tournament_participants|Ви просите в одного з речників перелік учасників турніру. Ось їх імена:^{s11}
mno_go_back_dot|Назад.
menu_collect_taxes|Оскільки Ви - найкращий торговець у загоні, ({reg2} очок навику), {reg3? очікуєте:{s1} очікує}, що збір податків із цього володіння займе {reg4} днів...
mno_start_collecting|Почати збір.
mno_collect_later|Відкласти на потім.
menu_collect_taxes_complete|Ви зібрали {reg3} динарів податку. {s19} очікує, що Ви доставите ці гроші йому.
mno_continue|Продовжити...
menu_collect_taxes_rebels_killed|Завдяки вашим рішучим діям заколот було успішно придушено. Само собою, тепер незадоволені двічі подумають, перш ніж повставати проти Вас.
mno_continue|Продовжити...
menu_collect_taxes_failed|Вам вдалося зібрати з {s3} лише {reg3} динарів податку до того, як піднявся бунт. {s1}, звичайно, буде незадоволений, але краще хоч трохи срібла, ніж взагалі нічого...
mno_continue|Продовжити...
menu_collect_taxes_revolt_warning|Жителі {s3} в люті від ваших вимог і звуть Вас не інакше як грабіжником. Вони можуть повстати проти Вас, якщо продовжите на них тиснути.
mno_continue_collecting_taxes|Проігнорувати і продовжити.
mno_halve_taxes|Погодитися на половину суми. ({s1} може розсердитися).
menu_collect_taxes_revolt|Вас переривають прямо під час збору податків в {s3}. Натовп розлючених {reg9?селяни, городяни}, наближаються до Вас, розмахуючи смолоскипами і потрясаючи зброєю. Схоже, вони зібралися битися з вами!
mno_continue|Продовжити...
menu_train_peasants_against_bandits|Оскільки Ви - найкращий учитель у загоні, ({reg2} очок навику), {reg3? очікуєте:{s1} очікує}, що тренування селян займе близько {reg4} годин...
mno_make_preparation|Тренувати селян.
mno_train_later|Відкласти на потім.
menu_train_peasants_against_bandits_ready|Ви навчаєте селян основ солдатської служби, дисципліни й покори. Ви вважаєте, що {reg0} з них повністю {reg1?засвоїли:засвоїв} урок і {reg1?готові:готовий} до тренувального бою.
mno_peasant_start_practice|Почати тренувальний бій.
menu_train_peasants_against_bandits_training_result|{s0}
mno_continue|Продовжити...
menu_train_peasants_against_bandits_attack|Коли Ви вже готуєтеся продовжити заняття з ополченцями, із села з тривожними криками вбігає вартовий. На обрії помітили харцизів, які швидко рухаються у бік {s3}. Староста села благає, аби Ви виступили проти бандитів зі щойно навченими ополченцями.
mno_peasants_against_bandits_attack_resist|Приготуватися до бою!
menu_train_peasants_against_bandits_attack_result|{s9}
mno_continue|Продовжити...
menu_train_peasants_against_bandits_success|Розбійників переможено! Маленьке число вцілілих тікають, кидаючи свою зброю та обладунки, у жаху перед селянами та їх новим оборонцем. У жителів села залишилося трохи цінного, і вони пропонують Вам усе, що їм вдається зібрати, аби висловити свою подяку.
mno_village_bandits_defeated_accept|Прийняти запропоноване як належне.
mno_village_bandits_defeated_cont|Відмовитися, зауваживши, що їм усе це потрібно куди більше, ніж Вам.
menu_disembark|Бажаєте висадитися тут?
mno_disembark_yes|Так.
mno_disembark_no|Ні.
menu_ship_reembark|Бажаєте зійти на борт?
mno_reembark_yes|Так.
mno_reembark_no|Ні.
menu_center_reports|Назва: {s1}^Дохід від земельної ренти: {reg1} динарів^Дохід від зборів і мита: {reg2} динарів^Припасів: {reg3} днів
mno_to_price_and_productions|Показати вироблені товари та ціни.
mno_go_back_dot|Назад.
menu_price_and_production|Перелік вироблених товарів:^(Увага: база/модифікатор сировини/змінені матеріялами і добробут)^{s1}^^{s1}^^Фактори, що визначають ціну:^{s2}
mno_go_back_dot|Назад.
menu_town_trade|Ви прямуєте до ринкової площі.
mno_assess_prices|Дізнатися місцеві ціни.
mno_trade_with_arms_merchant|Поговорити з торговцем зброєю.
mno_trade_with_armor_merchant|Побалакати з торговцем обладунками.
mno_trade_with_horse_merchant|Потеревенити з торговцем кіньми.
mno_trade_with_goods_merchant|Побалакати з торговцем різним товаром.
mno_back_to_town_menu|Назад.
menu_town_trade_assessment_begin|Вам удається почути розмови про місцеві ціни на товари.^Ви слухаєте вельми уважно, аби укласти якомога вигіднішу угоду.
mno_continue|Продовжити...
mno_go_back_dot|Назад.
menu_town_trade_assessment|Оскільки Ви - найкращий торговець у загоні ({reg2} очок навички), {reg3? намагаєтеся зрозуміти:{s1} намагається збагнути}, якими товарами буде вигідніше торгувати. {s2}
mno_continue|Продовжити...
menu_sneak_into_town_suceeded|Замаскувавшись під жебрака, Ви обманюєте варту та входите до міста.
mno_continue|Продовжити...
menu_sneak_into_town_caught|Коли Ви намагаєтеся проникнути досередини, один із вартових упізнає Вас і піднімає тривогу! Вам потрібно бігти назад через ворота, доки на Вас не накинулася вся міська варта!
mno_sneak_caught_fight|Спробуємо прорватися силою!
mno_sneak_caught_surrender|Здатися.
menu_sneak_into_town_caught_dispersed_guards|Ви обманюєте варту й замітаєте сліди, перш ніж утекти, остаточно відірвавшись від переслідувачів у лабіринті вулиць.
mno_continue|Продовжити...
menu_sneak_into_town_caught_ran_away|Ви проходите назад через ворота і швидко відступаєте за безпечні пагорби.{s11}
mno_continue|Продовжити...
menu_enemy_offer_ransom_for_prisoner|{s2} пропонує Вам {reg12} динарів сріблом, якщо {s1} буде відпущений на свободу.
mno_ransom_accept|Прийняти пропозицію.
mno_ransom_reject|Відхилити пропозицію.
menu_training_ground|Ви наближаєтеся до тренувального табору, де можна підвищити свої бойові навички. Чим би Ви хотіли зайнятися?
mno_camp_trainer|Побалакати з тренером.
mno_camp_train_melee|Фехтуванням.
mno_camp_train_archery|Зброєю дальнього бою.
mno_camp_train_mounted|Верховою їздою.
mno_leave|Залишити табір.
menu_training_ground_selection_details_melee_1|Зі скількома противниками Ви будете боротися?
mno_camp_train_melee_num_men_1|З одним.
mno_camp_train_melee_num_men_2|З двома.
mno_camp_train_melee_num_men_3|З трьома.
mno_camp_train_melee_num_men_4|З чотирма.
mno_go_back_dot|Назад.
menu_training_ground_selection_details_melee_2|Обрати супротивника #{reg1}:
mno_s0|{s0}
mno_s0|{s0}
mno_s0|{s0}
mno_s0|{s0}
mno_s0|{s0}
mno_s0|{s0}
mno_s0|{s0}
mno_s0|{s0}
mno_s0|{s0}
mno_s0|{s0}
mno_s0|{s0}
mno_s0|{s0}
mno_s0|{s0}
mno_s0|{s0}
mno_s0|{s0}
mno_s0|{s0}
mno_s0|{s0}
mno_s0|{s0}
mno_s0|{s0}
mno_s0|{s0}
mno_training_ground_selection_details_melee_random|Випадковий вибір.
mno_go_back_dot|Назад.
menu_training_ground_selection_details_mounted|З якою зброєю Ви хотіли б повторити?
mno_camp_train_mounted_details_1|Одноручна зброя.
mno_camp_train_mounted_details_2|Держакова зброя.
mno_camp_train_mounted_details_3|Лук.
mno_camp_train_mounted_details_4|Метальна зброя.
mno_go_back_dot|Назад.
menu_training_ground_selection_details_ranged_1|З якою зброєю дальнього бою Ви бажаєте потренуватися?
mno_camp_train_ranged_weapon_bow|Лук і стріли.
mno_camp_train_ranged_weapon_crossbow|Арбалет.
mno_camp_train_ranged_weapon_thrown|Метальні ножі.
mno_go_back_dot|Назад.
menu_training_ground_selection_details_ranged_2|З якої відстані Ви хочете вести стрільбу?
mno_camp_train_ranged_details_1|10 ярдів.
mno_camp_train_ranged_details_2|20 ярдів.
mno_camp_train_ranged_details_3|30 ярдів.
mno_camp_train_ranged_details_4|40 ярдів.
mno_camp_train_ranged_details_5|50 ярдів.
mno_camp_train_ranged_details_6|60 ярдів.
mno_camp_train_ranged_details_7|70 ярдів.
mno_go_back_dot|Назад.
menu_training_ground_description|{s0}
mno_continue|Продовжити...
menu_training_ground_training_result|{s7}{s2}
mno_continue|Продовжити...
menu_marshall_selection_candidate_ask|{s15} незабаром обиратиме нового маршала {s23}. Деякі вельможі запропонували Вас як кандидат на цю посаду.
mno_marshall_candidate_accept|Повідомте {s15}, що Ви б хотіли стати маршалом.
mno_marshall_candidate_reject|Скажіть усім, що наразі Ви надто зайняті
menu_captivity_avoid_wilderness|Раптово у Вас чорніє в очах. Багато годин опісля Ви приходите до тями й виявляєте, що знаходитеся саме там, де впали. Ваші вороги, швидше за все, подумали, що Ви мертвий і залишили Вас лежати. Утім, жодна з Ваших ран не смертельна, і ходити Ви можете, хоча відчуваєте себе просто жахливо. Ви піднімаєтеся на ноги і намагаєтеся знайти інших уцілілих із Вашого війська.
menu_captivity_start_wilderness|заповнювач
menu_captivity_start_wilderness_surrender|заповнювач
menu_captivity_start_wilderness_defeat|Ваші вороги беруть Вас у полон.
menu_captivity_start_castle_surrender|заповнювач
menu_captivity_start_castle_defeat|заповнювач
menu_captivity_start_under_siege_defeat|Ваші вороги беруть Вас у полон.
menu_captivity_wilderness_taken_prisoner|Ваші вороги беруть Вас у полон.
mno_continue|Продовжити...
menu_captivity_wilderness_check|заповнювач
menu_captivity_end_wilderness_escape|Після довгих і тяжких днів укладення Ви вириваєтесь з полону!
mno_continue|Продовжити...
menu_captivity_castle_taken_prisoner|Варта оточує Вас і відбирає зброю. З прокльонами і звинуваченнями вони кидають Вас у в'язницю, де вам доведеться коротати сумні дні ув'язнення.
mno_continue|Продовжити...
menu_captivity_rescue_lord_taken_prisoner|Ви не розкриваєте себе, поки можливо. Вартові казяться від люті, вони жорстоко б'ють Вас, перш ніж кинути Вас знову в камеру бог знає на скільки...
mno_continue|Продовжити...
menu_captivity_castle_check|заповнювач
menu_captivity_end_exchanged_with_prisoner|Після довгих днів ув'язнення Вас нарешті звільняють: ваші тюремники обміняли Вас на іншого полоненого.
mno_continue|Продовжити...
menu_captivity_end_propose_ransom|Ви проводите довгі години у вологому, похмурому підземеллі - здається, Ви пробули там цілу вічність. Раптово один з ваших полонителів входить в камеру з пропозицією: він готовий звільнити Вас за {reg5} динарів з ваших таємних заощаджень. Ви вирішуєте...
mno_captivity_end_ransom_accept|Прийняти пропозицію.
mno_captivity_end_ransom_deny|Відмовитися і почекати чого-небудь кращого.
menu_captivity_castle_remain|Дні все йдуть і йдуть у вашій похмурій камері. Ви тримаєтеся як можете, виносите щоденні побої і прокляття вартових, бачите, як від недоїдання ваше тіло стає все більш немічним...
mno_continue|Продовжити...
menu_kingdom_army_quest_report_to_army|{s8} послав повідомлення, він хоче, щоб Ви приєдналися до його нової військової кампанії. Ви повинні привести з собою мінімум {reg13} воїнів. Якщо у Вас немає такого війська, Ви повинні терміново набрати нових людей.
mno_continue|Продовжити...
menu_kingdom_army_quest_messenger|{s8} послав повідомлення, що хоче поговорити з вами про одну проблему, яка повинна бути вирішена. Він прохає Вас прибути до нього як можна швидше.
mno_continue|Продовжити...
menu_kingdom_army_quest_join_siege_order|{s8} послав повідомлення, що Ви повинні приєднатися до облоги {s9} і готуватися до повномасштабного штурму. Ваші війська зобов'язані взяти {s9} будь-якою ціною.
mno_continue|Продовжити...
menu_kingdom_army_follow_failed|Ви не підкорялися наказам і не пішли за {s8}. У гніві він звільнив Вас з армії і суворо застеріг Вас, що подібні дії не забуваються.
mno_continue|Продовжити...
menu_invite_player_to_faction_without_center|Вам пропонують стати Васалом!^^ {s8} з {s9} прислав до Вас королівського герольда з персональним запрошенням. Вам може бути надана честь стати Васалом {повелителя/повелительки} {s9}, а натомість {s8} прохає Вас принести клятву вірності і битися в його військових походах. Втім, ні землі, ні титулів він не пропонує. Відмова може бути сприйнятий як образа...
mno_faction_accept|Прийняти!
mno_faction_reject|Відхилити запрошення.
menu_invite_player_to_faction|Вам пропонують стати Васалом!^^ {s8} з {s9} прислав до Вас королівського герольда з персональним запрошенням. Вам може бути надана честь стати Васалом {повелителя/повелительки} {s9}, а натомість {s8} прохає Вас принести клятву вірності і брати участь у військових походах. За вашу вірну службу вам у володіння пропонується {s2}. Відмова від такої пропозиції може бути сприйнята як образа...
mno_faction_accept|Прийняти!
mno_faction_reject|Відхилити запрошення.
menu_invite_player_to_faction_accepted|Аби стати васалом {s3}, потрібно присягнути йому на вірність. Вам потрібно знайти його і принести клятву йому особисто. {s5}
mno_continue|Продовжити...
menu_question_peace_offer|Вам запропоновано мир^^{s1} пропонує вам укласти мирну угоду. Якою буде Ваша відповідь?
mno_peace_offer_accept|Прийняти.
mno_peace_offer_reject|Відхилити.
menu_notification_truce_expired|Час перемир'я закінчився^^Перемир'я між {s1} і {s2} добігло кінця.
mno_continue|Продовжити...
menu_notification_feast_quest_expired|{s10}
mno_continue|Продовжити...
menu_notification_sortie_possible|Помічений ворог: неподалік від стін {s4} помічені війська противника. {s5} та інші оборонці готуються до вилазки. Ви можете приєднатися до них.
mno_continue|Продовжити...
menu_notification_casus_belli_expired|Королівство не вжило відповідних заходів^^Держава {s1} не відреагувала на провокації {s2}, що похитнуло репутацію {s3} в очах {reg4?її:} войовничіших підданих...
mno_continue|Продовжити...
menu_notification_lord_defects|Зрада правителя^^{s1} {reg4?відклалася:відклався} від {s3} і переходить у стан {s2}
mno_continue|Продовжити...
menu_notification_treason_indictment|Обвинувачення У зраді^^{s9}
mno_continue|Продовжити...
menu_notification_border_incident|Сутичка на кордоні^^До Вас дійшли чутки про те, що {s9}. Достеменно невідомо, правда це чи вигадка, але ясно одне: інцидент розбурхав народ {s4}, і тепер вони опинилася на порозі війни з {s3}...
mno_continue|Продовжити...
menu_notification_player_faction_active|Тепер Ви володієте землею від власного імени й не пов'язані з жодною державою. Це означає, що Ви - суверенний монарх, а Ваш двір тимчасово розташовується у {s12}. Інші правителі Кальрадії спершу розглядатимуть Вас як загрозу, якщо вискочці, на кшталт Вас, удалося захопити трон, це ставить під сумнів усю феодальну систему.^^Можливо, зараз Вам буде простіше попрохати вже існуюче королівство стати Вашим сюзереном. Якщо ж Ви вирішите зберегти суверенність, перше, що Ви повинні зробити - це підтвердити Ваше право на трон. Це можна зробити декількома способами: уклавши шлюб з благородним сімейством, прийнявши на службу дворян і роздаючи їм землі або уклавши договори з іншими монархами.^^У будь-якому випадку, спочатку призначити когось із Вашої команди головним радником - саме на нього ляжуть турботи щодо справ держави, він же зможе у разі необхідності усунути Ваш двір. Уміння й таланти всіх членів команди різні, пам'ятайте про це.^Час від часу, Ви можете призначати нових радників.
mno_appoint_spouse|Призначити свою дружину {s10}...
mno_appoint_npc1|Призначити {s10}
mno_appoint_npc2|Призначити {s10}
mno_appoint_npc3|Призначити {s10}
mno_appoint_npc4|Призначити {s10}
mno_appoint_npc5|Призначити {s10}
mno_appoint_npc6|Призначити {s10}
mno_appoint_npc7|Призначити {s10}
mno_appoint_npc8|Призначити {s10}
mno_appoint_npc9|Призначити {s10}
mno_appoint_npc10|Призначити {s10}
mno_appoint_npc11|Призначити {s10}
mno_appoint_npc12|Призначити {s10}
mno_appoint_npc13|Призначити {s10}
mno_appoint_npc14|Призначити {s10}
mno_appoint_npc15|Призначити {s10}
mno_appoint_npc16|Призначити {s10}
mno_appoint_default|Призначити поважного місцевого жителя...
menu_minister_confirm|{s9} буває при Вашому дворі {s12}. Вам слід регулярно розмовляти, аби не накопичувалися важливі справи. Пам'ятайте: невирішені питання можуть підірвати Ваш авторитет...
mno_continue|Продовжити...
menu_notification_court_lost|{s11}
mno_continue|Продовжити...
menu_notification_player_faction_deactive|Ви більше не володієте землями.
mno_continue|Продовжити...
menu_notification_player_wedding_day|{s8} хоче розповісти, що підготовка до Вашого весілля у {s10} завершена. Вам слід терміново там з'явитися.
mno_continue|Продовжити...
menu_notification_player_kingdom_holds_feast|{s11}
mno_continue|Продовжити...
menu_notification_center_under_siege|{s2} з {s3} узяв в облогу {s1}!
mno_continue|Продовжити...
menu_notification_village_raided|Вороги розорили володіння^^{s2} з {s3} розграбував {s1}!
mno_continue|Продовжити...
menu_notification_village_raid_started|Напали на Ваше село!^^{s2} з {s3} розоряє {s1}.
mno_continue|Продовжити...
menu_notification_one_faction_left|Кальрадія завойована однією державою^^{s1} завдала поразки всім суперникам і стала єдиною існуючою державою.
mno_continue|Продовжити...
menu_notification_oath_renounced_faction_defeated|Ваша колишня фракція зазнала поразки^^Ви виграли бій проти {s1}! Це завершення Вашої боротьби, що почалася У той момент, коли Ви відреклися від цієї клятви.
mno_continue|Продовжити...
menu_notification_center_lost|Утрата володіння^^{s2} захопив {s1}.
mno_continue|Продовжити...
menu_notification_troop_left_players_faction|Зрада!^^{s1} полишив {s2} і об'єднався з {s3}.
mno_continue|Продовжити...
menu_notification_troop_joined_players_faction|Гарні новини!^^{s1} полишив {s2} і об'єднався з {s3}.
mno_continue|Продовжити...
menu_notification_war_declared|Оголошення війни^^{s1} оголошує війну, і розпочинає наступ на {s2}!
mno_continue|Продовжити...
menu_notification_peace_declared|Мирна угода^^{s1} і {s2} погодилися укласти мир!^{s57}
mno_continue|Продовжити...
menu_notification_faction_defeated|Фракція знищена^^{s1} більше не існує!
mno_continue|Продовжити...
menu_notification_rebels_switched_to_faction|Успішний бунт^^ Ваш заколот закінчився перемогою! Тепер Ваша фракція - єдиний претендент на титул {s11}, а {s12} - єдиний законний правитель.
mno_continue|Продовжити...
menu_notification_player_should_consult|Ваш радник пише, що у залишених без нагляду землях починається бродіння умів. Якщо так піде й далі, Ви можете втратити авторитет. Постарайтеся зустрітися з радником за першої ж можливости.
mno_continue|Продовжити...
menu_notification_player_feast_in_progress|Підготування до бенкету^^Ваша дружина почала готувати Ваші покої {s11} до свята.
mno_continue|Продовжити...
menu_notification_lady_requests_visit|До Вашої групи підійшла жінка і передала одному з воїнів запакований воском лист. Виявилося, що послання призначене Вам. Зламавши печатку, Ви впізнали почерк {s15}. "Минулого разу було незабутньо. {s14}. Приїжджайте до {s10} якомога швидше.
mno_continue|Передайте послання, що я незабаром прибуду до {s15}.
mno_continue|Передайте послання, що мені зараз нездужається і я не зможу приїхати...
menu_garden|{s12}
mno_enter|Увійти.
mno_nurse|Піти з нянею.
mno_nurse|Зачекати біля струмка.
mno_leave|Піти.
menu_kill_local_merchant_begin|Ви помічаєте свою жертву і починаєте переслідування. Ні про що не підозрюючи, він згортає за ріг у темну алею. У Вас з'являється чудова можливість для нападу.
mno_continue|Продовжити...
menu_debug_alert_from_s65|СПОВІЩЕННЯ ВІДЛАДКИ: {s65}
mno_continue|Продовжити...
menu_auto_return_to_map|заповнювач
menu_bandit_lair|{s3}
mno_continue_1|Напасти на лігво...
mno_leave_no_attack|Піти.
mno_leave_victory|Прийняти...
mno_leave_defeat|Відмовитися...
menu_notification_player_faction_political_issue_resolved|Порадившись із вельможами королівства, {s10} вирішив що {s12} заслужив забрати {s11} під своє врядування.
mno_continue|Продовжити...
menu_notification_player_faction_political_issue_resolved_for_player|Порадившись із вельможами королівства, {s10} вирішив дарувати Вам {s11}. Ви можете відхилити таку честь, але можливо, після цього Ви деякий час не отримаєте інших нагород.
mno_accept|Прийняти честь
mno_decline|Відхилити честь
mno_continue|Продовжити...
menu_start_phase_3|{s16}Ви знімаєте кімнату в першому-ліпшому трактирі {s1} і тут же засинаєте. Прокинувшись іще до світанку, Ви вирушаєте досліджувати околиці. Ви йдете далі по безлюдних провулках... Раптово лунає звук, який змушує Вас насторожитися: дзвін клинка, що витягається з піхов...
mno_continue|Продовжити...
menu_start_phase_4|{s11}
mno_continue|Продовжити...
mno_continue|Продовжити...
menu_lost_tavern_duel|{s11}
mno_continue|Продовжити...
menu_establish_court|Для того, аби {s4} став вашим головним містом, потрібно багато чого зробити, знадобляться інструменти й оксамит. Окрім того, це займе певний час.
mno_establish|Обрати {s4} як основний замок.
mno_continue|Продовжити...
menu_notification_relieved_as_marshal|(S4) хотів би повідомити Вам, що ваші послуги в якості маршала більше не потрібні. На честь доблесних зусиль від імені королівства протягом останніх {reg4} днів, {reg5?вона:він} пропонує Вам {reg5} динарів.
mno_continue|Продовжити...
menu_display_party_slots|{s1}
menu_display_troop_slots|{s1}^{s2}
menu_dplmc_affiliated_family_report|{s0}
menu_dplmc_auto_loot|Ваші герої автоматично забиратимуть предмети зі спільного запасу відповідно до обраних налаштувань покращення. Герої, що вище у порядку загону, обиратимуть першими. Спорядження, яке більше не потрібне, буде повернуто до запасу.
menu_dplmc_chamberlain_confirm|Ваш камергер перебуває при вашому дворі. Зверніться до нього, якщо хочете дати фінансові розпорядження або якщо потрібна більша сума грошей. Завжди стежте, щоб у скарбниці було достатньо коштів.
menu_dplmc_chancellor_confirm|Ваш канцлер перебуває при вашому дворі. Зверніться до нього, якщо хочете надіслати послання чи дарунки.
menu_dplmc_choose_disguise|Ви збираєтеся пробратися до {s1}. Не беріть підозрілих предметів і зайвих динарів, які можуть конфіскувати. {s2}
menu_dplmc_constable_confirm|Ваш констебль перебуває при вашому дворі. Зверніться до нього, якщо хочете найняти нові війська або отримати докладні відомості про ваше постійне військо.
menu_dplmc_deny_terms|{s1} відхиляє ваші умови і розриває переговори.
menu_dplmc_deserters|Дехто з ваших людей не вірить, що ви виплатите їм платню, і дезертирує. Загалом ви втрачаєте: {s11} воїнів.
menu_dplmc_dictate_terms|Продиктуйте ваші мирні умови.
menu_dplmc_domestic_policy|Тепер ви можете формувати внутрішню політику вашого королівства. Бажаєте змінити політику зараз?
menu_dplmc_economic_report|{s0}
menu_dplmc_manage_loot_pool|{s10}^{s30}
menu_dplmc_messenger|Сіре, я знайшов {s10} і передав ваше послання. {reg4?Її:Його} відповідь була такою: {s11}.
menu_dplmc_negotiate_besieger|Ви з'являєтеся з білим прапором на вершині муру. Через деякий час до вас підходить парламентер від {s11}. Він вимагає {s6} з усіма прилеглими селами, а також {reg0} динарів за безпечний прохід.
menu_dplmc_notification_alliance_declared|Союзна угода^^{s1} та {s2} уклали союз!^{s57}
menu_dplmc_notification_alliance_expired|Союз завершився^^Союз між {s1} та {s2} завершився і перетворився на оборонний пакт.
menu_dplmc_notification_defensive_declared|Оборонний пакт^^{s1} та {s2} уклали оборонний пакт!^{s57}
menu_dplmc_notification_defensive_expired|Оборонний пакт завершився^^Оборонний пакт між {s1} та {s2} завершився і перетворився на торговельну угоду.
menu_dplmc_notification_nonaggression_declared|Пакт про ненапад^^{s1} та {s2} уклали пакт про ненапад!^{s57}
menu_dplmc_notification_riot|Селяни {s1} підняли бунт проти вас! Раптовим нападом убито вірних вам людей. Решта приєдналася до розлюченого натовпу.
menu_dplmc_notification_trade_declared|Торговельна угода^^{s1} та {s2} підписали торговельну угоду!^{s57}
menu_dplmc_notification_trade_expired|Торговельна угода завершилась^^Торговельна угода між {s1} та {s2} завершилась і перетворилась на пакт про ненапад.
menu_dplmc_question_alliance_offer|Вам пропонують союз^^{s1} хоче укласти з вами союз. Яка ваша відповідь?
menu_dplmc_question_defensive_offer|Вам пропонують пакт^^{s1} пропонує вам оборонний пакт. Яка ваша відповідь?
menu_dplmc_question_nonaggression_offer|Вам пропонують пакт^^{s1} пропонує вам пакт про ненапад. Яка ваша відповідь?
menu_dplmc_question_trade_offer|Вам пропонують пакт^^{s1} пропонує вам торговельний пакт. Яка ваша відповідь?
menu_dplmc_riot_negotiate|Ви підходите до розлюченого натовпу і починаєте переговори. Ватажок бунту вимагає {reg0} динарів. Він погоджується скласти зброю, якщо ви готові заплатити.
menu_dplmc_scout|Ваш шпигун повернувся з {s10}^^{s11}{s12}
menu_dplmc_start_select_prejudice|У традиційному середньовічному суспільстві, зображеному в грі, війна і політика зазвичай — справа чоловіків-аристократів. Через це жінка-персонаж може зіткнутися з початковими упередженнями, і початок гри буде складнішим.
menu_dplmc_town_riot_removed|У кривавому бою ви з вашими людьми вирізаєте заколотників і повертаєте контроль над містом.
menu_dplmc_trade_auto_buy_food_begin|Ви автоматично купуватимете їжу відповідно до вашого списку покупок. Бажаєте продовжити?^^Тут можна переглянути і налаштувати список покупок.
menu_dplmc_trade_auto_sell_begin|Предмети у вашому інвентарі, тип яких позначено як придатний до продажу і ціна яких нижча за {reg1} динарів, будуть автоматично продані {reg2?відповідним купцям:старійшині} у поточному {reg2?місті:селі}.
menu_dplmc_village_riot_removed|У кривавому бою ви з вашими людьми вирізаєте заколотників і повертаєте контроль над селом. Але контролювати там майже нічого не лишилося.
menu_dplmc_village_riot_result|{s9}
menu_export_import|Натисніть C, щоб відкрити екран персонажа {s1}, а потім кнопку статистики внизу ліворуч.
menu_town_cheats|Оберіть дію для взаємодії з містом
menu_town_cheats_2|Оберіть дію для взаємодії з самим центром. Процвітання — {reg1}, стосунки — {reg2}, у місті загонів: {reg3}.
menu_village_enslave_complete|За вашим наказом ваші війська лютують по селу, витягуючи селян з халуп і забираючи все майно. За короткий час село спустошене.
menu_village_hunt_down_fugitive_persuaded|Як член загону з найвищим переконанням, {reg3?ви:{s3}} зумів випитати у мовчазних родичів місцезнаходження {s50}.
mno_acolyte|Послушник-священник.
mno_action_change_vassal_title|Змінити дворянські титули.
mno_action_modify_banner|Змінити ваш стяг (Shift — змінити колір тла).
mno_auto_buy_food|Купувати їжу автоматично.
mno_auto_sell|Продавати предмети автоматично.
mno_back|Не важливо...
mno_bandits|Створити бандитів поруч.
mno_bravo|Мандрівний браві.
mno_camp_change_name|Змінити назву вашого загону.
mno_camp_cheat_gather|Зібрати всіх неактивних NPC.
mno_camp_cheat_heal|Вилікувати загін.
mno_camp_cheat_prisoner|Завербувати всіх полонених.
mno_camp_cheat_weather|Змінити погоду..
mno_camp_cheat_xp|Додати досвід загону.
mno_cattle_drag_with|Гнати худобу з собою.
mno_center_cancel_build|Скасувати будівництво {s7}.
mno_center_recruits|Оновити найманців.
mno_center_refresh|Оновити купців (глобально).
mno_center_reports|Показати звіти.
mno_change|Змінити слоти.
mno_change_settings|Змінити налаштування.
mno_cheat_town_start_siege|Обложити центр...
mno_check_inv|Перевірити домашній інвентар
mno_continue_court|Повернутися до свого двору з ганьбою...
mno_continue_ransomer|Повернутися з охороною {s10}...
mno_courtier|Придворний.
mno_debug|Чіти загону.
mno_decrease_prosp|Зменшити процвітання.
mno_decrease_rel|Зменшити стосунки.
mno_disguise_bard|Спробувати щастя як бард.
mno_disguise_farmer|Змиритися з долею забитого фермера.
mno_disguise_guard|Видати себе за охоронця каравану.
mno_disguise_hunter|Переодягнутися вправним {мисливцем/мисливицею}.
mno_disguise_merchant|Прикинутися купцем.
mno_disguise_pilgrim|Вдягнути лахміття бідного пілігрима.
mno_display_slots|Покажи мені всі свої таємниці...
mno_dplmc_alliance_offer_accept|Прийняти
mno_dplmc_alliance_offer_reject|Відхилити
mno_dplmc_auto_loot|Дозволити героям обирати спорядження з трофеїв на землі.
mno_dplmc_auto_loot_no|Недостатньо місця у спільному запасі для автопокращення.
mno_dplmc_auto_loot_reset_player|Скинути поточного воїна до гравця
mno_dplmc_auto_loot_upgrade_management|Оновити керування спорядженням NPC.
mno_dplmc_autoloot_no|Ні, я передумав.
mno_dplmc_autoloot_personal|Так, покращити лише {s1}.
mno_dplmc_autoloot_yes|Так, виконати покращення.
mno_dplmc_back|Назад...
mno_dplmc_break_off|Розірвати переговори.
mno_dplmc_camp_manage_inventory|Керувати налаштуваннями автотрофеїв.
mno_dplmc_camp_manage_inventory_disabled|Для автотрофеїв потрібне Утримання інвентарю або Мародерство 2 рангу.
mno_dplmc_camp_preferences|Налаштування Diplomacy.
mno_dplmc_castle_give_troops|Передати війська до гарнізону (забрати не можна)
mno_dplmc_change_shopping_list_of_food|Налаштувати ваш список покупок.
mno_dplmc_comply|Погодитися і заплатити золото.
mno_dplmc_comply_treasury|Погодитися і наказати камергеру сплатити зі скарбниці.
mno_dplmc_continue|Продовжити...
mno_dplmc_defensive_offer_accept|Прийняти
mno_dplmc_defensive_offer_reject|Відхилити
mno_dplmc_demand_4000|Вимагати 4000 динарів
mno_dplmc_demand_8000|Вимагати 8000 динарів
mno_dplmc_demand_castle|Вимагати {s2}.
mno_dplmc_go_back|Назад
mno_dplmc_guild_master_meeting|Зустрітися з головою гільдії.
mno_dplmc_guild_master_meeting_denied|Ви ще не зустрічалися з головою гільдії.
mno_dplmc_improve_cont|Продовжуй. (Сплатити зі скарбниці)
mno_dplmc_leave|{s20}
mno_dplmc_leave_and_take_a|Зібрати {reg0} з {reg20} предметів на землі і піти.
mno_dplmc_leave_and_take_b|Зібрати решту {reg20} {reg0?предметів:предмет} на землі і піти.
mno_dplmc_leave_and_take_c|У ваших торбах не лишилося місця.
mno_dplmc_loot|Доступ до предметів на землі.
mno_dplmc_loot_player|Доступ до інвентарю капітана.
mno_dplmc_loot_spouse|Доступ до інвентарю вашої дружини.
mno_dplmc_negotiate_with_besieger|Вести переговори з обложником.
mno_dplmc_no|Ні, я не хочу змінювати внутрішню політику.
mno_dplmc_nonaggression_offer_accept|Прийняти
mno_dplmc_nonaggression_offer_reject|Відхилити
mno_dplmc_pay_riot_cash|Заплатити готівкою.
mno_dplmc_pay_riot_treasury|Наказати камергеру сплатити зі скарбниці.
mno_dplmc_peace_offer_terms|Продиктувати мирні умови
mno_dplmc_riot_negotiate|Почати переговори.
mno_dplmc_riot_start_siege|Обложити {reg6?місто:замок}, щоб придушити повстання.
mno_dplmc_show_economic_report|Переглянути звіт про процвітання.
mno_dplmc_spoils_accompanying_vassals|Розграбувати і порівну поділити здобич між васалами, що супроводжують вас, і собою.
mno_dplmc_spoils_all_vassals|Розграбувати і порівну поділити здобич між вашими васалами і собою.
mno_dplmc_spoils_yourself|Розграбувати і забрати всю здобич собі.
mno_dplmc_start_prejudice_mixed|Я б також хотів бачити жінок на полі бою.
mno_dplmc_start_prejudice_no|Я б хотів зіткнутися з меншим сексизмом.
mno_dplmc_start_prejudice_yes|Я не проти зіткнутися з сексизмом.
mno_dplmc_trade_offer_accept|Прийняти
mno_dplmc_trade_offer_reject|Відхилити
mno_dplmc_village_auto_buy_food|Купувати їжу автоматично.
mno_dplmc_village_auto_sell|Продавати предмети автоматично.
mno_dplmc_village_counter_insurgency|Придушити повстання.
mno_dplmc_village_elder_meeting|Зустрітися зі старійшиною села.
mno_dplmc_village_elder_meeting_denied|Ви ще не зустрічалися зі старійшиною села.
mno_dplmc_village_negotiate|Почати переговори.
mno_dplmc_yes|Так, я хочу змінити внутрішню політику.
mno_encounter|Знайти головний загін.
mno_exchange|Обмінятися з загоном.
mno_exp|Покращити загін.
mno_fervor|Релігійне завзяття.
mno_gender|Змінити стать.
mno_heal|Вилікувати загін.
mno_increase_prosp|Збільшити процвітання.
mno_increase_rel|Збільшити стосунки.
mno_inventory|Змінити інвентар (Shift — спорядити).
mno_loot_no|Ні.
mno_loot_yes|Так.
mno_merc|Найманець на чужині.
mno_mummer|Маскарадник.
mno_next|Наступний загін ({s2}).
mno_next_range|Хвіст ({s3}).
mno_noble|Несподіваний спадкоємець.
mno_notes|Переглянути нотатки.
mno_preacher|Мандрівний проповідник.
mno_prev|Попередній воїн ({s2}).
mno_prev_range|Голова ({s3}).
mno_previous|Попередній загін ({s2}).
mno_recruit|Додати до загону (Shift — полоненого).
mno_reinf|Підкріпити загін.
mno_rename|Мені ніколи не подобалася назва {s1}...
mno_siege_defender_manage_troops|Керувати гарнізоном {s10}.
mno_skip_quest|Прогулятися гарненько навколо {s1}...
mno_slots|Вивести всі значення слотів.
mno_start|Огляд супутників...
mno_start_priest|Швидкоплинний спогад.
mno_summon_ass|{reg11?Налякати:Найняти} вбивцю.
mno_summon_bandit|{reg12?Вигнати:Засідка} {s12}.
mno_summon_drunk|{reg10?Прогнати:Взяти} п'яницю.
mno_summon_insurgent|Очолити селянську революцію.
mno_summon_village_bandit|{reg13?Очистити:Заразити} село {reg13?від:{s13}}.
mno_surrender|Здатися...
mno_talk|Зустріти загін (Shift — перейти).
mno_toggle_state|{reg1?Відновити:Зруйнувати} це село.
mno_town_cheat|Використати чити.
mno_town_none|сміливо йти туди, де ще не ступала нога {чоловіка/жінки}..
mno_view_affiliated_family_report|Переглянути звіт про споріднену родину / дружину.
mno_village_cheat|Використати чити.
mno_village_enslave|Кинутися за рештою селян і поневолити їх.
mno_village_recruits|Оновити рекрутів.
mno_village_refresh|Оновити товари села.
mno_wound|Поранити загін.
