ip_morale|Бойовий дух
ip_morale_text|Бойовий дух - це готовність членів загону переносити труднощі, підкорятися вимогам дисципліни, проявляти мужність на полі бою та вміння тримати себе у формі. Це не те ж саме, що «бадьорість» або «задоволеність» загону. Елітні воїни цілком можуть нарікати на складности похідного життя, але при цьому як один вступати до бою за першим наказом. Якщо ж намагатися виконувати всі побажання підлеглих, то можна розслабити їх, послабивши при цьому бойовий дух і знизивши боєготовність загону, і в підсумку чого він розбіжиться при погляді на ворога.^^Бойовий дух - це основний чинник, що визначає поведінку військ у битві, їхня аґресивність і їхня готовність вдатися до втечі з поля бою, якщо він розвиватиметься не на їх користь. Бойовий дух також впливає на швидкість пересування загонів на марші, оскільки воїни з меншою мотивацією йтимуть повільніше, не бажаючи обтяжувати себе понад міру, і будуть частіше зупинятися, чекаючи відсталих. Окрім того, у загоні з невисоким бойовим духом зростатиме число дезертирів.^^Деякі фактори, що підвищують бойовий дух, інтуїтивно зрозумілі. Наприклад, командир із високою репутацією та перемогами у кількох нещодавніх битв вселяє впевненість і своїм підлеглим. Ватажки, які забезпечують своїх солдатів різноманітним харчуванням і вчасно виплачують їм платню, демонструють готовність дбати про потреби воїнів і прагнення чесно виконувати свої обов'язки.^^Інші фактори не настільки очевидні, особливо зв'язок бойового духу зі згуртованістю. Наприклад, у маленьких загонах усі добре знають одне одного, і не хочуть показати себе боягузами перед обличчям друзів. У великих загонах, навпаки, згуртованість нижча, і командири приділяють менше уваги окремим воїнам, не настільки охоче вислуховують їхні скарги і рідше вирішують їхні суперечки. Часті битви зміцнюють зв'язки між воїнами, тоді як тривалі періоди бездіяльності змушують їх нудьгувати і провокують сварки.^^Натиснувши на кнопку «Звіти», Ви можете переглянути доповідь щодо бойового духу Вашого загону й дізнатися, які фактори на нього впливають.
ip_economy|Економіка
ip_economy_text|Населенню міст і сіл Кальрадії для повсякденного життя потрібні найрізноманітніші товари. Насамперед - це їжа. Основний харчовий продукт в Кальрадії - зерно, але крім нього людям потрібні жири й білки у вигляді м'яса, риби та сиру. Для того, аби зберегти м'ясо, потрібно майже стільки ж зусиль, скільки й для його виробництва, тому сіль також цінується дуже високо. Після їжі йде одяг: щільна шерсть, більш легкий льон і розкішний оксамит. І, нарешті, людям потрібні інструменти і знаряддя: залізні товари, гончарні і шорні вироби і, звичайно ж, зброю, зброю та бойових коней.^^Основна частина сільськогосподарської продукції виробляється у селах, тоді як міські майстри спеціалізуються на виробництві інструментів або таких товарів, як тканина, або ж виробів із заліза. Окрім цього в різних частинах країни зустрічаються різні ресурси. Звідси випливає, що основа процвітання Кальрадії - це торгівля, як між селом і містом, так і між великими містами.^^Коли налагоджено торгівельні зв'язки, товари стають доступними, населення центральних районів живе в добробуті й достатку, а з сусідніх регіонів прибувають переселенці. Центр більше виробляє, більше споживає і віддає більше податків своїм повелителям. Коли ж торгівля занепадає, населення сіл і міст їде на заробітки до інших місць, а економічна активність падає до нуля. Тому правителі зацікавлені в охороні торгових шляхів від розбійників і військових дій. Але розважливого торговця найчастіше привертають окремі ізольовані поселення, оскільки він може отримати непоганий прибуток, скориставшись підвищеним попитом і різницею в цінах.^^Оскільки сільські жителі зазвичай продають свої товари у містах, позаяк ринки доволі небагатолюдні, тут задешево купують і дорого продають. Серйозні купці вирушають за прибутком до міста, хоча деякі загони вважатимуть корисним зупинитися в селі, аби придбати необхідні товари.^^Якщо гравець захоче дізнатися про те, які чинники впливають на добробут міста, йому потрібно побалакати з цеховим майстром цього міста. Інші відомості можна дізнатися у перехожих, хоча вони не завжди знають те, що не стосується їхньої безпосередньої сфери діяльності.^^Гравець може впливати на економіку міста, насамперед захищаючи торгівлю. Окрім того, можна зробити внесок у розвиток таких підприємств, як прудки для розведення риби, млини або дубильня. Це сприятиме не тільки збільшенню добробуту міста, але й приноситиме гравцеві певний дохід. Найбільший дохід приносять підприємства з виробництва товарів, які користуються великим попитом, та які виробляються з дешевої, легкодоступної сировини.
ip_courtship|Залицяння
ip_courtship_text|Гравці можуть поріднитися з яким-небудь впливовим сімейством Кальрадії. Для досягнення влади й високого становища в суспільстві, шлюб зовсім не обов'язковий, хоча це прекрасна можливість покращити свої відносини з лордами і висунути претензії на трон.^^Вимоги для вступу до шлюбу для персонажів різної статі різні. Чоловічому персонажу, як правило, доведеться пройти через традиційний ритуал сватання. Він повинен заслужити собі репутацію в шляхетських колах Кальрадії, встановити хороші відносини з батьками або ж опікунами нареченої, а потім доглядати за дамою згідно з місцевими звичаями. Якщо Вам це набридне, Ви можете спробувати пришвидшити процес - але зазвичай з не найкращими наслідками щодо інших лордів.^^Не забувайте про те, що руки Вашої обраниці можуть домагатися й інші благородні дворянини королівства. Окрім того, смаки Вашої обраниці непередбачувані, і цілком може скластися так, що обраниця не відповість Вам взаємністю. Романтика в Кальрадії, як і скрізь, необов'язково означає прямий шлях до успіху. Звичайно, Ви можете вдатися до менш шляхетних способів завоювання серця дами, але, знову ж таки, це матиме серйозні наслідки для Вашої репутації.^^Аби ступити на шлях залицяння, Вам доведеться взяти участь у соціяльному житті кальрадійської аристократії, себто відвідувати свята і турніри. Мандрівні трубадури та поети також можуть служити цінним джерелом відомостей про залицяння, а заодно й переказувати останні чутки.^^Жіночі персонажі можуть виходити заміж, але варто мати на увазі, що кальрадійське суспільство надзвичайно консервативне, а тому до шукачів пригод жіночої статі, тут ставляться не так прихильно. Жіночому персонажу доведеться підшукувати собі лорда досить широких поглядів, готового взяти у дружини незвичайну даму.^^З іншого боку, жіночому персонажу не потрібно дотримуватися традиційного ритуалу залицяння, так і з самого шлюбу жінка може отримати набагато більше вигоди. Для шукачки пригод шлюб може стати найшвидшим шляхом до влади, адже вона може за допомогою чоловіка просувати свої політичні амбіції.
ip_politics|Політика
ip_politics_text|Незважаючи на те, що королівства Кальрадії розрізняються за своєю культурою, в їхній основі лежить одна й та ж політична система: феодалізм. Феодалізм - це, насамперед, особливі відносини між окремими людьми: васали дають клятву вірності своєму сюзеренові. В обмін на цю клятву васали зазвичай отримують наділ, себто земельну ділянку, на дохід від якого збирають війська, аби підтримати сюзерена під час війни. Сюзерен також зобов'язаний обороняти своїх васалів і поводитися з ними справедливо.^^Утім, це лише теорія. На практиці ж васали не завжди діють в інтересах своєї фракції, особливо, якщо сваряться між собою, що буває доволі часто. У кожного з них свій характер, і іноді це призводить до конфліктів. Або ж, до прикладу, колишні друзі можуть стати ворогами, не поділивши здобич або посватавшись до однієї й тієї ж пані. Особливо гостро суперництво відчувається, коли представники знатного роду прагнуть вислужитися перед королем - наприклад, бажаючи отримати тільки-но завойовані землі або посаду головнокомандувача, який керує всіма військовими кампаніями.^^Коли королівства Кальрадії воюють між собою, то успіх часто залежить не лише від числа й досвіду солдатів з того чи іншого боку, але й від згуртованості воєначальників. У згуртованому королівстві представники знаті виступають проти ворога єдиним фронтом. У королівстві ж, яке роздирається дрібними чварами, лорди неохоче відповідають на заклик головнокомандувача або намагаються ухилитися від своїх обов'язків, якщо кампанія проходить не дуже вдало. Політична згуртованість фракції впливає і на військові дії поза кампаній. У роз'єднаному королівстві лорди не так охоче об'єднуються для набігів і патрулів, і не поспішають прийти одне до одного на допомогу.^^Якщо Вам здається, що лорди діють лише собі на шкоду, сварячись між собою, коли на обрії видно ворожі війська, не забувайте про те, що головна мета кожного землевласника - його особиста вигода та добробут його сім'ї, а не добробут королівства. Якщо землевласник бачить, що королівство тріщить по швах, або якщо його сюзерен не звертає уваги на його вимоги, то він зазвичай відмовляється від клятви вірності й переходить на інший бік. Гравці можуть скористатися невдоволенням своїх ворогів, перетворивши їх у своїх союзників.
ip_character_backgrounds|Біоґрафія персонажа
ip_character_backgrounds_text|Гравець може обрати персонажа найрізноманітнішого соціяльного походження. Від біографії персонажа залежать не тільки його вміння та його спорядження на початку кар'єри, але й загальний хід подій у житті шукача пригод.^^Війною і політикою Кальрадії традиційно займаються чоловіки-аристократи. Відповідно гравець, який обрав свого персонажа як чоловіка благородного походження, може відчути, що багато чого йому дається порівняно легко, тоді як гравцям, що обрали жінку або простолюдина, доводиться долати додаткові перешкоди. Гру за чоловічого персонажа благородного походження можна навіть у певній мірі назвати легким рівнем складності» на початку гри. Розпочинати гру за благородну жінку або ж чоловіка-простолюдина здасться не так легко, а грати за жінку-простолюдинку - найскладніше.^^Однак свої переваги є й у жіночих персонажів. Жінка привертає до себе увагу вже просто взявши в руки зброю, і тому заслужити репутацію їй легше, аніж чоловікові. Окрім того, жінкам традиційно легше підніматися соціяльною драбиною, і отримують вони від стратегічного союзу більше, ніж їхні колеги-чоловіки.^^І, нарешті, не забувайте про те, що у грі немає обмежень за соціяльним станом, якого можуть досягти персонажі різного походження. Дворянин чи простолюдин, чоловік або жінка, що перебуває в шлюбі чи ні - всі можуть стати правителями Кальрадії, якщо проявлять достатньо кмітливості, продемонструють доблесть, або їм просто пощастить.
ip_military_campaigns|Військова кампанія
ip_military_campaigns_text|Коли королівства Кальрадії воюють між собою, в їхніх армій є два варіянти активних дій. По-перше, вони можуть нападати на села і розоряти їхні околиці, завдаючи шкоди престижу та економіці ворога. По-друге, вони можуть захоплювати й утримувати замки чи міста, тим самим підпорядковуючи собі нові території. Другий варіянт передбачає тривалі й криваві облоги, але і результат у такому випадку відчутніший.^^Важливо знати, що королівства Кальрадії не мають постійних армій, які зберігають свою боєготовність, доки цього бажають їхні правителі. Замість цього королівства обороняють свого роду загони ополчення під керівництвом великих землевласників і членів їх свити. Іноді ці землевласники вчиняють самостійні дії, вторгаючись на територію ворога, але найбільші військові дії починаються, коли численні загони збираються разом. Очолює ці об'єднані загони головнокомандувач - людина шляхетного походження, якого призначає король. Щоправда, при цьому йому необхідно слідкувати за тим, аби таке військо з часом не розбіглося і, аби окремі васали не роз'їхалися по своїх справах. Варто головнокомандувачу забаритися із здійсненням планів, як армія ослабне і стане вразливою перед обличчям ворога, що вирушив у контракаку.^^З цієї причини ритм бойових дій в Кальрадії нагадує ритм поєдинку між двома суперниками. Одна сторона збирається з силами і вторгається на територію ворога. Якщо головнокомандувач поквапиться і не встигне зібрати достатньо сил, йому не вистачить сили, аби завдати ворогові відчутний удар. Але якщо він прогавить відповідний час, то кампанія закінчиться, так і не розпочавшись. У більшого королівства така ж перевага, як й у фізично сильнішого противника перед слабким, але політична згуртованість також відіграє важливу роль на кшталт того, як витриваліший супротивник може здолати того, хто швидше втомлюється. Іноді армії двох королівств зіштовхуються лоб у лоб одне з одним, і в результаті починається велика битва, результат якої залежить як від чисельності військ, так і від бойового духу.^^Королівствам завжди не вистачає інформації про те, що відбувається за ворітьма ворога. Перш ніж вирушати у завойовницький похід, лордам потрібно висилати розвідників, аби ті визначили, яка з фортець найуразливіша перед атакою. Армія, що обороняє свою територію, знаходиться в більш виграшному становищі, оскільки відомості про просування ворога надходять з охоплених війною замків і міст. Але в будь-якому випадку неточні відомості, особливо коли справа стосується цифр. Війська, які вирушають на зняття облоги або на оборону села, можуть застати ворога зненацька, або ж самі стати його черговою жертвою.