imod_plain|Гладк. %s
imod_cracked|Тріснут. %s
imod_rusty|Іржав. %s
imod_bent|Погнут. %s
imod_chipped|Щербат. %s
imod_battered|Знош. %s
imod_poor|Поган. %s
imod_crude|Груб. %s
imod_old|Стар. %s
imod_cheap|Дешев. %s
imod_fine|Добрий. %s
imod_well_made|Добротн. %s
imod_sharp|Гостр. %s
imod_balanced|Збаланс. %s
imod_tempered|Гартов. %s
imod_deadly|Смерт. %s
imod_exquisite|Вишук. %s
imod_masterwork|Майстерн. %s
imod_heavy|Важк. %s
imod_strong|Сильн. %s
imod_powerful|По. %s
imod_tattered|Пом'ят. %s
imod_ragged|Потерт. %s
imod_rough|Груб. %s
imod_sturdy|Міцн. %s
imod_thick|Товст. %s
imod_hardened|Збит. %s
imod_reinforced|Посил. %s
imod_superb|Прекрасн. %s
imod_lordly|Благородн. %s
imod_lame|Кульгавий %s
imod_swaybacked|Кволий %s
imod_stubborn|Норовистий %s
imod_timid|Боязкий %s
imod_meek|Лагідний %s
imod_spirited|Жвавий %s
imod_champion|Породистий %s
imod_fresh|Свіжа %s
imod_day_old|Несвіжа %s
imod_two_day_old|Стара %s
imod_smelling|Тухла %s
imod_rotten|Гнила %s
imod_large_bag|Комплект %s
ui_can_crush_through_blocks|Бонус супроти блоків противника