pt_none|немає
pt_rescued_prisoners|Врятовані Бранці
pt_enemy|Ворог
pt_hero_party|Військо Героя
pt_village_defenders|Захисники Села
pt_cattle_herd|Стадо
pt_looters|Злодії
pt_manhunters|Мисливці за головами
pt_steppe_bandits|Степові Розбійники
pt_taiga_bandits|Тундрові Розбійники
pt_desert_bandits|Пустельні Розбійники
pt_forest_bandits|Лісові Розбійники
pt_mountain_bandits|Гірські Розбійники
pt_sea_raiders|Морські Нальотчики
pt_deserters|Харцизи
pt_merchant_caravan|Торговий Караван
pt_troublesome_bandits|Настирливі Бандити
pt_bandits_awaiting_ransom|Бандити, які очікують викупу
pt_kidnapped_girl|Викрадена Дівчина
pt_village_farmers|Селяни
pt_spy_partners|Непримітні Мандрівники
pt_runaway_serfs|Раби-втікачі
pt_spy|Звичайний міщанин
pt_sacrificed_messenger|Принесений у жертву гінець
pt_forager_party|Банда грабіжників
pt_scout_party|Розвідники
pt_patrol_party|Патруль
pt_messenger_party|Посланець
pt_raider_party|Шибайголови
pt_raider_captives|Полонені Бандити
pt_kingdom_caravan_party|Караван
pt_prisoner_train_party|Віз з ув'язненими
pt_default_prisoners|Звичайні бранці
pt_routed_warriors|Утікаючі вороги
pt_center_reinforcements|Підкріплення
pt_kingdom_hero_party|Військовий загін
pt_steppe_bandit_lair|Лігво степових бандитів
pt_taiga_bandit_lair|Лігво тундрових бандитів 
pt_desert_bandit_lair|Лігво бандитів пустельників
pt_forest_bandit_lair|Лігво лісових бандитів
pt_mountain_bandit_lair|Лігвище гірських бандитів
pt_sea_raider_lair|Лігвище морських грабіжників
pt_looter_lair|Лігвище викрадачів
pt_leaded_looters|Зграя харцизів