p_zendar|Зендар
p_town_1|Саргот
p_town_2|Тир
p_town_3|Велука
p_town_4|Суно
p_town_5|Джелкала
p_town_6|Правен
p_town_7|Учхала
p_town_8|Рейвідін
p_town_9|Кудан
p_town_10|Тульга
p_town_11|Курав
p_town_12|Верчег
p_town_13|Ривачег
p_town_14|Гальмар
p_town_15|Ялен
p_town_16|Дирим
p_town_17|Ічамур
p_town_18|Нара
p_town_19|Шаріз
p_town_20|Дуркуба
p_town_21|Амерад
p_town_22|Бареє
p_castle_1|Замок Кульмар
p_castle_2|Замок Малаюрг
p_castle_3|Замок Булуга
p_castle_4|Замок Радогір
p_castle_5|Замок Телрог
p_castle_6|Замок Тілбот
p_castle_7|Замок Сангеш
p_castle_8|Замок Вінкод
p_castle_9|Замок Джамиш
p_castle_10|Замок Альбурк
p_castle_11|Замок Курин
p_castle_12|Замок Чалбек
p_castle_13|Замок Келредан
p_castle_14|Фортеця Марас
p_castle_15|Замок Ергеллон
p_castle_16|Замок Альмерра
p_castle_17|Замок Дістар
p_castle_18|Замок Ізмірала
p_castle_19|Замок Ірума
p_castle_20|Замок Дерчіос
p_castle_21|Замок Ібделес
p_castle_22|Замок Унуздак
p_castle_23|Замок Теварин
p_castle_24|Замок Рейнді
p_castle_25|Замок Рібелет
p_castle_26|Замок Сенужда
p_castle_27|Замок Риндьяр
p_castle_28|Замок Грюнвальдер
p_castle_29|Замок Нелаг
p_castle_30|Замок Азуган
p_castle_31|Замок Вейнкурд
p_castle_32|Замок Кнударр
p_castle_33|Замок Етроск
p_castle_34|Фортеця Грус
p_castle_35|Замок Гарингог
p_castle_36|Замок Джельбег
p_castle_37|Замок Драмуг
p_castle_38|Замок Тульбук
p_castle_39|Замок Слезк
p_castle_40|Замок Юхгун
p_castle_41|Замок Джамейед
p_castle_42|Замок Терамма
p_castle_43|Замок Шарва
p_castle_44|Замок Дюрін
p_castle_45|Замок Караф
p_castle_46|Замок Віях
p_castle_47|Замок Самарра
p_castle_48|Фортеця Барда
p_village_1|Ярагар
p_village_2|Бурглен
p_village_3|Азгед
p_village_4|Номар
p_village_5|Кулум
p_village_6|Емирін
p_village_7|Амір
p_village_8|Хаен
p_village_9|Бувран
p_village_10|Мечин
p_village_11|Дустурил
p_village_12|Емере
p_village_13|Немеджа
p_village_14|Сумбуджа
p_village_15|Рибелет
p_village_16|Шапешті
p_village_17|Мазен
p_village_18|Ульбурбан
p_village_19|Ганун
p_village_20|Узлум
p_village_21|Базек
p_village_22|Шулус
p_village_23|Ільвія
p_village_24|Рульді
p_village_25|Дашбига
p_village_26|Пагундур
p_village_27|Глунмар
p_village_28|Таш Кулун
p_village_29|Буїллин
p_village_30|Рувар
p_village_31|Амбін
p_village_32|Тосдар
p_village_33|Рулунс
p_village_34|Елердаг
p_village_35|Фіричан
p_village_36|Джаєк
p_village_37|Ада Кулун
p_village_38|Ібіран
p_village_39|Реверан
p_village_40|Сарен
p_village_41|Дуган
p_village_42|Дириг Абан
p_village_43|Загуш
p_village_44|Пешмі
p_village_45|Булугур
p_village_46|Феднер
p_village_47|Єспиш
p_village_48|Вейдар
p_village_49|Тисмір
p_village_50|Карінди
p_village_51|Джельбег
p_village_52|Амашк
p_village_53|Баланлі
p_village_54|Чіді
p_village_55|Тадсамеш
p_village_56|Фенада
p_village_57|Ушкуру
p_village_58|Везин
p_village_59|Думар
p_village_60|Тальберил
p_village_61|Альделен
p_village_62|Ребаш
p_village_63|Урудуна
p_village_64|Сериндьяр
p_village_65|Ієнда
p_village_66|Фіснар
p_village_67|Тебанда
p_village_68|Ібделес
p_village_69|Квінн
p_village_70|Дирігсен
p_village_71|Чібітин
p_village_72|Ельберл
p_village_73|Чаеза
p_village_74|Айик
p_village_75|Булабан
p_village_76|Кедельк
p_village_77|Різі
p_village_78|Сариміш
p_village_79|Істинь`яр
p_village_80|Вайджег
p_village_81|Одасан
p_village_82|Ялиб
p_village_83|Гизім
p_village_84|Челеза
p_village_85|Ізмірала
p_village_86|Слезк
p_village_87|Удиньяд
p_village_88|Тульбук
p_village_89|Юхгун
p_village_90|Джамиш
p_village_91|Аюн Асуаді
p_village_92|Диббаїн
p_village_93|Квалит
p_village_94|Мазіг
p_village_95|Тамнух
p_village_96|Хабба
p_village_97|Сехтем
p_village_98|Мавити
p_village_99|Фішара
p_village_100|Лкюбаюл
p_village_101|Юзга
p_village_102|Шибал Зумр
p_village_103|Міжает
p_village_104|Тажинат
p_village_105|Ааб
p_village_106|Гаваха
p_village_107|Унрія
p_village_108|Міт Нун
p_village_109|Тілімсал
p_village_110|Рушдіг
p_salt_mine|Соляні копальні
p_four_ways_inn|Таверня "На Роздоріжжі"
p_test_scene|тестова сцена
p_battlefields|поля боїв
p_dhorak_keep|Тверджа Дорак
p_training_ground|Тренувальний табір
p_training_ground_1|Тренувальний табір
p_training_ground_2|Тренувальний табір
p_training_ground_3|Тренувальний табір
p_training_ground_4|Тренувальний табір
p_training_ground_5|Тренувальний табір
p_steppe_bandit_spawn_point|степи
p_taiga_bandit_spawn_point|тундра
p_forest_bandit_spawn_point|ліси
p_mountain_bandit_spawn_point|гірська місцевість
p_sea_raider_spawn_point_1|узбережжя
p_sea_raider_spawn_point_2|узбережжя
p_desert_bandit_spawn_point|пустелі
