qstr_Next_Page|Наступна сторінка
qstr_Game_Rules:^|Правила гри:^
qstr_0|0
qstr_Show_game_rules|Правила гри
qstr_Continue...|Продовжити...
qstr_Candidate_#1:_{s1}|Кандидат #1: {s1}
qstr_Candidate_#2:_{s1}|Кандидат #2: {s1}
qstr_{s3}_of_{s4}_wishes_|{s3} з {s4} хоче призначити нового маршала і запрошує своїх васалів на раду. Головні кандидати - {s1} і {s2}.
qstr_Who_do_you_wish_to_s|Кого ви бажаєте підтримати?
qstr_{s1}_gives_his_suppo|{s1} підтримує {s2}.
qstr_Number_of_Supporters|Підтримують: {reg0} осіб
qstr_{s2}_has_heard_his_v|{s2} почув поради своїх васалів. Новим маршалом він вибрав {s1}.
qstr_Action|Дія
qstr_Mount|Сісти верхи
qstr_Attack_Type|Тип атаки
qstr_Stand_Ground|Стояти на місці
qstr_Charge|Атакувати
qstr_Follow_Me|Слідувати за мною
qstr_Hold_This_Position|Тримати позицію
qstr_Spread_Out|Розсипатися
qstr_Stand_Closer|Згрупуватися
qstr_Fall_Back|Відступити
qstr_Advance|Просуватися
qstr_Dismount|Злізти з коней
qstr_Fire_At_Will|Відкрити вогонь
qstr_Hold_Your_Fire|Не стріляти
qstr_Use_Blunt_Weapons|Використовувати тупу зброю
qstr_Use_Any_Weapon|Використовувати будь-яку зброю
qstr_Ready|У бою
qstr_Wounded|Поранено
qstr_Dead|Убито
qstr_Number_of_men_knocke|Число вбитих: {reg1}
qstr_Number_of_men_left:_|Залишилося людей: {reg1}
qstr_Opponents_Beaten:_{r|Убито ворогів: {reg1}
qstr_Opponents_Remaining:|Залишилося ворогів: {reg1}
qstr_Remain_in_retirement|Завершити пошуки пригод
qstr_Go_back_to_the_adven|До пригод
qstr_You_have_retired_at_|Ви завершили пошуки пригод на {reg4} рівні, провівши у пригодах {reg5} днів.
qstr_Effect_on_Score|Вплив на рахунок
qstr_Settlements_owned_by|Ваших поселень: {reg0}
qstr_Friendly_Settlements|Дружніх поселень: {reg0}
qstr_Hostile_Settlements:|Ворожих поселень: {reg0}
qstr_Friendly_Lords:_{reg|Дружніх правителів: {reg0}
qstr_Enemy_Lords:_{reg0}|Ворожих правителів: {reg0}
qstr_Victories:_{reg0}|Перемог: {reg0}
qstr_Defeats:_{reg0}|Поразок: {reg0}
qstr_Quests_Completed:_{r|Виконано завдань: {reg0}
qstr_Companions_Found:_{r|Знайдено компаньйонів: {reg0}
qstr_Companions_Lost/Depa|Утрачено/загинуло компаньйонів: {reg0}
qstr_Wealth:_{reg0}_denar|Капітал: {reg0} динарів
qstr_Inventory:_{reg0}_de|Майно: {reg0} динарів
qstr_Renown:_{reg0}|Слава: {reg0}
qstr_Experience:_{reg0}|Досвід: {reg0}
qstr_Days_Passed:_{reg0}|Днів минуло: {reg0}
qstr_Difficulty:_{reg0}%|Складність: {reg0}%
qstr_TOTAL_SCORE:_{reg0}|ПІДСУМКОВИЙ РАХУНОК: {reg0}
qstr_None|Немає
qstr_{s1}_of_{s3}_was_def|{s1} з {s3} зазнає поразки в битві, але встигає втекти.
qstr_{s54}_is_a_claimant_|{s54} претендує на трон {s56}.
qstr_nowhere|ніде
qstr_{s57}_and_{s58}|{s57} і {s58}
qstr_{reg3?She:He}|{reg3?Вона:Він}
qstr_The_town_of_{s50}|Місто {s50}
qstr_The_village_of_{s50}|Село {s50} біля {s52}
qstr_{s51}_belongs_to_{s1|{s51} належить {s1} з {s2}.^
qstr_{s7}_and_{s8}|{s7} і {s8}
qstr_{s2}It_has_no_villag|{s2}Не володіє селами.^
qstr_{s2}{reg0?Its_villag|{s2}{reg0?Прилеглі поселення: Прилягає поселення} {s8}.^
qstr_{s2}Its_prosperity_i|{s2}Достаток: {s50}
qstr_noone|порожньо
qstr_{s9}_and_{s10}|{s9} і {s10}
qstr_{s5}_has_been_defeat|{s5} зазнає поразки!
qstr_{s7}_opened_the_gate|{s7} відкрив ворота
qstr_{s7}_closed_the_gate|{s7} закрив ворота
qstr_+{reg1}_to_party_mor|+{reg1} до бойового духу загону
qstr_Requires_{reg1}_inte|Для того, аби Ви могли прочитати це, Ваш інтелект повинен бути {reg1}.
qstr_Reading_Progress:_{r|Читання: {reg1}%
qstr_wound_treament|перев'язання ран
qstr_trainer|навчання
qstr_surgery|хірургії
qstr_+1_to_{s1}_while_in_|+1 {s1} при носінні з собою
qstr_Move_here|Перейти сюди
qstr_View_notes|Прочитати примітки
qstr_Accompany|Супроводжувати
qstr_killed|убито
qstr_wounded|поранено
qstr_{s0}^TOTAL:_{reg3}__|{s0}^УСЬОГО: {reg3} ({s2})
qstr_^None|^Немає
qstr_nothing|нічого
qstr_{reg0}_village{reg1?|{reg0} {reg1?сіл:село}
qstr_{reg0}_castle{reg1?s|{reg0} {reg1?заступників:заступник}
qstr_{reg0}_castle{reg1?s:|{reg0} {reg1?замків:замок} і {s0}
qstr_{reg0}_town{reg1?s:}|{reg0} місто{reg1?:}
qstr_{reg0}_town{reg1?s:}_|{reg0} {reg1?міст:місто} і {s0}
qstr_{reg0}_town{reg1?s:}_{|{reg0} {reg1?міст:місто}, {s0}
qstr_Your_opponents_are_r|Ваші супротивники готові до бою.
qstr_Try_to_destroy_as_ma|Знищте якомога більше цілей. У Вас дві з половиною хвилини на зачистку шляху.
qstr_Stay_behind_the_line|Встаньте за лінію і стріляйте по цілях. Намагайтеся не хибити.
qstr_Battle_Advantage_=_{|Бойова перевага: {reg0}.
qstr_{s9}_wants_you_to_re|{s9} хоче, аби Ви слідували за його армією та чекали подальших розпоряджень.
qstr__Being_Raided_|(Під нападом)
qstr__Looted_|(Розграбовано)
qstr__Under_Siege_|(В облозі)
qstr_The_village_of_{s1}_|{s2} грабує село {s1}.
qstr_{s3}_is_no_longer_un|{s3}, облогу знято.
qstr_Small_bands_of_enemi|Поблизу {s1} помічено невеликі загони ворога.
qstr_Enemy_patrols_spotte|Поблизу {s1} помічено ворожі патрулі.
qstr_Medium_sized_group_o|Поблизу {s1} помічено загони ворога середньої чисельности.
qstr_Significant_group_of|Поблизу {s1} помічено значні загони ворога.
qstr_Army_of_enemies_spot|Поблизу {s1} помічена ворожа армія.
qstr_Large_army_of_enemie|Поблизу {s1} помічена велика ворожа армія.
qstr_Great_host_of_enemie|Поблизу {s1} помічено велике вороже військо.
qstr_{s1}_has_been_besieg|{s2} з {s3} бере в облогу {s1}.
qstr__{s1}__{s11}:_{s14}|({s1}) {s11}: {s14}
qstr_{s14}__{s21}_|{s14} ({s21})
qstr_{s1}_is_the_new_mars|{s1} стає новим маршалом {s2}.
qstr_You_gained_{reg12}_r|Ваша слава зростає на {reg12}.
qstr_You_lose_{reg12}_ren|Ваша слава зменшується на {reg12}.
qstr_Your_relation_with_{|Ваші відносини з {s1} покращилися.
qstr_Your_relation_with_{s|Ваші відносини з {s1} погіршилися.
qstr_You_gain_honour.|Ви здобули повагу.
qstr_You_lose_honour.|Ви втратили повагу.
qstr_{s1}_has_declared_wa|{s1} і {s2} розпочинають війну.
qstr_{s1}_and_{s2}_have_m|{s1} і {s2} укладають мирний договір.
qstr_{s2}_{reg3?was:is_cu|{s2} {reg3?був:знаходиться} {s3}.
qstr_{s2}_{reg3?was:is}_t|{s2} {reg3?був у дорозі:у дорозі} до {s3} і {reg4?вона:він} {reg3?має бути:зараз} неподалік від {s4}{reg3?:}.
qstr_{s2}_{reg3?was:is}_i|{s2} {reg3?був:зараз} у дорозі і {reg4?вона:він} {reg3?був:повинен бути} неподалік від {s3}{reg3?: наразі}.
qstr_{s2}_{reg3?was:is}_b|{s2} {reg3?був:знаходиться} в полоні {s3}.
qstr_{s2}_{reg3?was:has_b|{s2} {reg3?був:зараз} у полоні у {reg4?її:його} ворогів.
qstr_{reg3?{s2}_s_locatio|{reg3?Місцезнаходження {s2} невідомо:Я не знаю, де зараз {s2}}.
qstr_{s6}_has_joined_your|{s6} приєднується до загону.
qstr_You_now_owe_{reg2}_d|Ви заборгували {reg2} динарів {s1}.
qstr_Renown_value_for_thi|У разі перемоги слава підвищиться на {reg8}.
qstr_You_have_run_into_a_|Ви потрапили у пастку!
qstr_You_are_attacked_by_|На Вас напали бандити!
qstr_Holding|Тримати оборону!
qstr_Following|За мною!
qstr_Charging|Атакувати
qstr_Advancing|Наступати
qstr_Falling_Back|Відступати
qstr_Standing_Closer|Зімкнути ряди
qstr_Spreading_Out|Розосередитися
qstr_Standing|Стояти на місці
qstr_N/A|Немає
qstr_Free|Вільно
qstr_Any_Weapon|Будь-яка зброя
qstr_Blunt_Weapons|Тупа зброя
qstr_{s1}_Rebels|{s1} (Повстанці)
qstr_Given_by:_{s62}|Хто видав: {s62}
qstr_Given_on:_{s60}|Коли видали: {s60}
qstr_You_have_{reg0}_days|Днів на виконання цього завдання: {reg0}.
qstr_This_quest_has_been_|Це завдання завершено. {s59} чекає Вас для розмови.
qstr_This_quest_has_been_s|Це завдання успішно виконано. {s59} чекає Вас, аби вручити нагороду.
qstr_This_quest_has_faile|Завдання провалено. {s59} чекає Ваших пояснень.
qstr_At_the_time_quest_wa|У день, коли було видано завдання:^{s1}
qstr_{s5}_has_a_strength_|Усього в армії {s5} {reg1} людей.
qstr_The_last_time_you_sa|Коли Ви бачили {reg1?її:його} востаннє, {s1}
qstr_The_last_time_you_he|Коли Ви чули про {reg1?неї:нього} востаннє, {s1}
qstr_Current_garrison_con|У гарнізоні {reg5} осіб.^Їжі вистачить іще на {reg6} днів.
qstr_Very_Poor|Дуже низький
qstr_Poor|Низький
qstr_Average|Середній
qstr_Rich|Високий
qstr_Very_Rich|Дуже високий
qstr_Manor|Маєток
qstr_A_manor_lets_you_res|Маєток дозволяє Вам відпочивати у селі. Під час відпочинку Ви платите людям зі свого загону лише половину платні.
qstr_Mill|Млин
qstr_A_mill_increases_vil|Млин збільшує добробут села на 5%.
qstr_Watch_Tower|Вартова башта
qstr_A_watch_tower_lets_t|Вартова вежа дозволяє жителям села раніше підняти тривогу. Час, за який вороги розграбують селище, збільшується на 25%.
qstr_School|Школа
qstr_A_shool_increases_th|Завдяки школі, відданість сільських жителів до Вас щомісячно збільшується на 1 пункт.
qstr_Messenger_Post|Поштова станція
qstr_A_messenger_post_let|Завдяки поштовій станції жителі можуть надіслати Вам повідомлення про напад ворогів, навіть якщо Ви знаходитеся далеко.
qstr_Prison_Tower|Тюремна башта
qstr_A_prison_tower_reduc|У полонених у тюремній башті буде менше шансів утекти.
qstr_Prosperity_of_{s2}_h|Рівень добробуту {s2} змінився з {s3} до {s4}.
qstr_{s4}_looks_upset.|{s4} виглядає засмученим.
qstr_your_party|Ваш загін
qstr_{reg0?One_of_your_pr|{reg0?Одному з Ваших бранців, :}{s1} з {s3} удалося втекти!
qstr_You_brought_{reg3}_h|Ви перегнали {reg3} голів худоби {s1}.
qstr_I_heard_that_there_w|Ходять чутки, що в {s62} незабаром буде турнір.
qstr_I_heard_that_one_can|Ходять чутки, що в {s62} можна задешево придбати {s63}.
qstr_I_heard_that_they_pa|Ходять чутки, що в {s63} дуже добре платять за {s62}.
qstr_two_days_ago|два дні назад
qstr_Best_threat_of_{s4}_|Більша загроза {s34} має показник рівня {reg1}
qstr_No_center_found_to_d|Не знайдено центру для оборони
qstr_You_gain_right_to_ru|Ви отримуєте право на трон.
qstr_You_lose_right_to_ru|Ви втрачаєте право на трон.
qstr_You_got_keys_of_dung|Ви отримали ключі від темниці.
qstr_You_must_stay_behind|Ви повинні стояти за лінією! Бали не зараховано.
qstr_Tutorial|Навчання
qstr_You_came_into_the_wo|Ви - {reg3?донька:син} благородного, але збіднілого сімейства. Справи Вашого батька остаточно занепали, і з усіх колишніх володінь у нього залишився тільки будинок, в якому Ви й жили. Незважаючи на всі труднощі, сім'я зуміла дати Вам хорошу освіту і з дитинства підготувати до благородного життя при дворі.
qstr_You_were_born_the_{r|Ви - {reg3?донька:син} мандрівного торговця, постійно переїжджали з місця на місце в пошуках прибутку. Незважаючи на те, що ваші батьки були багатшими за більшость оточуючих вас людей і дали {reg3?доньці:сину} найкращу освіту, на яку були здатні, Ви так і не змогли завести собі друзів в нескінченних подорожах. Все ваше життя в основному складалася з торгівлі.
qstr_As_a_child_your_fami|Коли Ви були дитиною, Ваша сім'я ледве зводила кінці з кінцями, намагаючися прожити на платню батька - той служив у варті місцевого правителя. Жилося Вам нелегко, і на гарну освіту не було коштів. В основному доводилося вчитися тому, як оборонятися на вулиці зі зброєю або без неї.
qstr_{reg3?daughter:son}|{reg3?дочка:син}
qstr_You_were_the_{reg3?d|Ви народилися в сім'ї, яка жила близько до лісу і, зводячи кінці з кінцями, займалася всім, чим лише могла: полюванням, заготівлею дров, виготовленням стріл, а коли доводилося зовсім туго - браконьєрством. Зима була для Вашої родини найважчим часом, тому що від холоду вмирали як тварини, так і люди, проте Ви зуміли пережити всі довгі зими, хоча Вашим братам і сестрам пощастило куди менше.
qstr_You_were_a_child_of_|Ви народилися в степу, у плем'ї кочівників, які жили у великих таборах на посушливих пасовищах. Як і всі кочівники, Ваша родина найбільше на світі цінувала коней, і Вам довелося навчилися їздити верхи раніше, аніж вчитися ходити.
qstr_As_the_{reg3?daughte|Народившись {reg3?дочкою:сином} злодія, Ви отримали дуже мало "формальної" освіти. Замість навчання доводилося проводили час на вулиці і випрошувати милостиню, доки не навчилися підрізати гаманці, потім - розкривати замки, і так, загалом, пройшло все раннє дитинство. Ви чудово навчилися виживати на небезпечних вулицях і дізналися безліч не найприємніших міських секретів.
qstr_As_a_{reg3?girl:boy}|Коли Ви трохи підросли, то були відіслані жити до двору одного з місцевих правителів, де довелося передусім навчитися покірності, виконуючи вимоги всіляких дам і панів. Однак, дивлячись на їхні інтриги, слухаючи їхні плітки і навіть вірші, про великі подвиги та пристрасну любов, Ви потихеньку почали дізнаватися про величезний світі довкола вас, в якому ні на мить не припиняється боротьба. Також Ви багато чого почерпнули з жорстоких ігор інших дітей, які били одне одного палицями або дерев'яними мечами.
qstr_As_a_{reg3?girl:boy}_|Коли Ви трохи підросли, Вас віддали в учні вчитися ремеслу. Після багатьох років тяжкої роботи і навчання, господар підвищив Вас до {reg3?працівниці:працівника} і найняв до себе на службу, даючи повну платню доти, доки Ви самі не вирішили б піти.
qstr_As_a_{reg3?girl:boy}_g|Коли Ви трохи підросли, то стали вчитися ремеслу в багатого торгівця, продаючи різні товари у крамниці або з мандрівним караваном. Незабаром Ви навчилися купувати дешевше, продавати дорожче і змушувати покупців думати, що їм дуже поталанило з купівлею.
qstr_As_a_{reg3?girl:boy}_gr|Коли Ви трохи підросли, то вирушили просто на вулицю, роблячи все, аби вціліти. Ви жебракували, вступали до банд і жили сьогоднішнім днем, завжди залишаючись на крок попереду закону й тих, хто бажав Вам зла.
qstr_As_a_{reg3?girl:boy}_gro|Коли Ви трохи підросли, то почали виїзджати в безкраї степи на своєму власному коні, вивчаючи трави й пустелю. Хоч іноді дуже не вистачало їжі, Ви зуміли стати чудовим мисливцем і слідопитом. Ваші м'язи зміцніли, і з часом Ви стали справжнім кочівником.
qstr_{reg3?daughter:man}|{reg3?дочка:чоловік}
qstr_Though_the_distincti|Хоча Ви і не відразу це помітили, але з часом стали {reg3?дорослою жінкою:дорослим чоловіком}, і весь світ навколо вас змінився. Коли вас посвятили в придворні лицарі, Ви стали вчитися поводитися зі зброєю, наносити і витримувати сильні удари. Вам розповіли про обов'язки, які Ви несете перед правителем, і про борг перед тими, хто колись може стати вашим васалом. Але крім лицарських ідеалів Ви дізналися також про речі менш приємні: старі воїни багато повідали про жорстокість політики, влади, зради, а також людей, які досягали своїх цілей як хоробрістю, так і підступністю.
qstr_{reg3?woman:man}|{reg3?жінка:чоловік}
qstr_Though_the_distinctio|Хоча Ви й не відразу це помітили, але з часом Ви подорослішали, і весь світ довкола Вас змінився. Ви приєдналися до тісного кола придворних дам, дружин і коханок аристократів, а також юних дівчат, яким іще тільки належало знайти собі чоловіка. Однак навіть тут процвітала політика: дами боролися за вплив та увагу молодих чоловіків при дворі. Скоро Ви навчилися звертати всі події собі на користь і збагнули, що при належній витонченості зможете згодом стати дуже впливовою фігурою в цьому світі.
qstr_Though_the_distinction|Хоча Ви й не відразу це помітили, але з часом Ви подорослішали, і весь світ навколо Вас змінився. Ви зажили своїм життям, не маючи нічого, окрім інструменту за спиною та Вашого власного голосу. Спочатку Вам жилося нелегко, людям часто не подобалися Ваші виступи, і Ви не завжди могли купити собі їжу. Однак Ви зуміли вціліти завдяки співу, і з часом навчилися збирати цілі натовпи в тавернах і, що ще корисніше, випитувати у людей усю потрібну Вам інформацію.
qstr_Though_the_distinction_|Хоча Ви й не відразу це помітили, але з часом Ви стали {reg3?дорослою жінкою:дорослим чоловіком}, і весь світ довкола Вас змінився. Ви стали студентом в університеті одного з великих міст, вивчали теологію, філософію та медицину. Але не всі уроки Ви отримували у стінах навчального закладу. Іноді Ви з друзями вирушали гуляти вулицями у пошуках вина, жінок та хорошої бійки. Завдяки цьому Ви навчилися вправляти зламані щелепи і вмовляти розлючених торговців прибрати дубинку і прийняти грошову компенсацію за розгромлену лавку.
qstr_Though_the_distinction_f|Хоча Ви й не відразу це помітили, але з часом Ви подорослішали, і весь світ довкола Вас змінився. Дорога манила вас, і Ви почали подорожувати від одного села до іншого, купуючи та продаючи все, що могли. Спочатку Ви були не дуже багаті, але поступово навчилися торгуватися навіть з самими скупими людьми похилого віку. Скоро Ви повинні накопичити достатньо, щоб заснувати власну торговельну імперію...
qstr_Though_the_distinction_fe|Хоча Ви й не відразу це помітили, але з часом Ви подорослішали, і весь світ навколо Вас змінився. Ви обрали ковальське ремесло і стали створювати з простого металу неймовірно красиві та корисні речі. З часом Ви стали справжнім майстром, і за Вашу роботу стали давати хороші гроші. Сидячи ввечері біля каміна після ситної вечері, Ви з гордістю міркували про свою роботу та зростаючу репутацію.
qstr_Though_the_distinction_fel|Хоча Ви і не відразу це помітили, але з часом Ви подорослішали, і весь світ навколо Вас змінився. Вас не приваблювала гонитва простолюдинів за грошима, і Ви вирішили вирушити до лісів Вашого місцевого правителя і заробити собі на життя самотужки, зневаживши закони. Ви полювали на оленів, кабанів, гусей, а потім продавали нишком цінне м'ясо. Ви рубали дерева просто під носом у лісничих, аби люди могли обігріти свої оселі взимку - теж, ясна річ, за гроші.
qstr_Only_you_know_exactl|Лише Ви можете точно сказати, що змусило Вас залишити своє колишнє життя і вирушити на пошуки пригод. Проте лють, що вирувала у Вашому серці, зробила розставання з минулим досить легким. Ви хочете помститися. Ви хочете справедливості. Те, що з Вами зробили, уже нічим не виправити, і заплатити за це можна лише кров'ю...
qstr_Only_you_know_exactly|Лише Ви можете точно сказати, що змусило Вас полишити свою колишню життя і вирушити на пошуки пригод. Ви не могли більше залишатися на колишньому місці й жити зі спогадами про тих, хто був вам шалено дорогий. Можливо, Ваше нове життя дозволить Вам забути або прославити імена, які Ви більше не в силах вимовити...
qstr_Only_you_know_exactly_|Лише Ви можете точно сказати, що змусило Вас полишити своє колишнє життя і вирушити на пошуки пригод. Але навіть Ви до пуття не можете сказати, коли Ваш дім раптом став в'язницею, усе навколо проїлося, і всі Ваші помисли зайняли мандри. Що б Ви не зустрічали у новому місці, Ви ніде не могли залишатися довго. Ви просто йшли вперед, ніколи не озираючись...
qstr_Only_you_know_exactly_w|Лише Ви можете точно сказати, що змусило Вас залишити колишнє життя і вирушити на пошуки пригод. Однак Ви точно знаєте, що назад шляху вже немає, та й повертатися нікуди. Будинку, яким би він у Вас не був, уже немає, і доведеться визнати той факт, що Ви залишилися зовсім самі в усьому світі. Тепер доведеться або потонути, або навчитися плавати...
qstr_Only_you_know_exactly_wh|Лише Ви можете точно сказати, що змусило Вас полишити своє колишнє життя і вирушити на пошуки пригод. Усі навколо впевнені, що Ви прямуєте за якоюсь незрозумілою метою. Ви шукаєте багатства, влади, поваги... Ви хочете, аби Вам поспішали коритися, аби ваше ім'я знали всі та, щоб одне його звучання змушувало людей тремтіти. Ви бажаєте все й одразу і не дозволите нікому перешкодити Вам!
qstr_Back_to_the_beginnin|На початок...
qstr_View_next_segment...|Наступна частина...
qstr_^No_food:___{reg7}|^Немає їжі: -{reg7}
qstr_^Wage_debt:___{reg6}|^Заборгованість: -{reg6}
qstr_Appoint_next_marshal|Призначити наступного головнокомандувача
qstr_Award_{s12}_as_fief|Видати наділ {s12} у нагороду
qstr_No_one|Жодного
qstr_Selected_faction_is:|Обрана фракція: {s10}^^{s9}
qstr_You_are_currently_re|Ви читаєте книгу під назвою {s8}.
qstr_You_are_not_reading_|Ви не читаєте книг.
qstr_none|немає
qstr_{s5}_and_{s6}|{s5} і {s6}
qstr_Your_estates_are:_{s|Ваші маєтки: {s8}.^{s9}
qstr_Current_party_size_l|Максимальний розмір загону - {reg5}.^ на нього впливають:^^Базовий розмір: +30^Лідерство: {s2}{reg1}^Харизма: {s3}{reg2}^Бойова слава: {s4}{reg3}^УСЬОГО: {reg5}
qstr_Loyal|Вірні
qstr_Devoted|Віддані
qstr_Fond|Теплі
qstr_Gracious|Люб'язні
qstr_Friendly|Дружелюбні
qstr_Supportive|Підтримують
qstr_Favorable|Прихильні
qstr_Cooperative|Чуйні
qstr_Accepting|Прийнятні
qstr_Indifferent|Байдужі
qstr_Suspicious|Підозрілі
qstr_Grumbling|Непривітні
qstr_Hostile|Ворожі
qstr_Resentful|Обурені
qstr_Angry|Сердиті
qstr_Hateful|Нестерпні
qstr_Revengeful|Злопам'ятні
qstr_Vengeful|Мстиві
qstr_Your_relation_with_t|Ваші відносини з фракціями:^{s2}
qstr_Player_renown_is_inc|Бойова слава гравця збільшилася на 100.
qstr_Player_honor_is_incr|Честь гравця збільшилася на 1 і нині дорівнює {reg7}.
qstr_{reg1}_{s1}_{reg2?ac|{reg1} людей з {s1} приймають пропозицію.
qstr_No_one_accepts_the_o|Ніхто не прийняв пропозицію.
qstr_You_start_reading_{s|Ви заглядаєте в книгу під назвою {s2}. Переглянувши кілька сторінок, Ви розумієте, що з неї Ви зможете багато чого почерпнути. Ви вирішуєте тримати її поблизу і читати всякий раз, коли буде час.
qstr_You_flip_through_the|Ви переглядаєте книгу під назвою {s2}, але текст виявляється занадто складним для вас. Від уважного читання починає боліти голова, і Ви змушені припинити.
qstr_Villagers|Селяни
qstr_You_have_encountered|На Вашому шляху {s1}.
qstr_You_have_engaged_{s1|Ви вступили в бій з {s1} коли вони нападали на {s3}.
qstr_You_were_caught_by_{|{s1} зловили вас, коли Ви напали на {s3}.
qstr_You_were_victorious!|Ви перемогли!
qstr_Battle_was_lost._You|Вас перемогли. Ваше військо вщент розбито.
qstr_Your_companions_carr|Ваші супутники тікають з поля бою.
qstr_You_have_defeated_th|Ви перемогли ворога.
qstr_You_have_retreated_f|Ви відступили з поля бою.
qstr_^^Ally_Casualties:{s|^^Втрати союзників:{s0}
qstr_{s1}_of_{s3}_managed|{s1} з {s3} вдалося втекти.
qstr_Some_of_your_tendons|У бою Ви пошкодили сухожилля. Ваша сила зменшилася на 1.
qstr_You_took_a_nasty_wou|Ви отримали неприємну рану. Навіть після того, як вона загоїться, Ви ще довго шкутильгатимете. Ваша спритність зменшилася на 1.
qstr_You_have_trouble_thi|Після бою Ви ніяк не можете зібратися з думками. Можливо, причина тому отриманий удар по голові. Окрім цього Вам тепер стали допікати головні болі. Ваш інтелект зменшився на 1.
qstr_Perhaps_I_m_getting_|Можливо, щастя відвернулося від мене...
qstr_Retirement_is_starti|Починок стає все привабливішим.
qstr_No_matter!_I_will_pe|Нічого! Переживу!
qstr_What_did_I_do_to_des|За що мені все це?
qstr_I_suppose_it_ll_make|Що ж, принаймні, буде що розповісти.
qstr_{s9}_wants_you_to_fo|{s9} хоче, аби Ви йшли за його армією і чекали подальших розпоряджень.
qstr_{s8}_of_{s9}|{s8} з {s9}
qstr__Your_own_banner_fli| Над воротами замку майорить Ваш стяг.
qstr__You_see_the_banner_| Над воротами замку Ви бачите знамена {s7}.
qstr__Your_own_banner_flie| Над міськими воротами майорить Ваш прапор.
qstr__You_see_the_banner_o| Над воротами міста Ви бачите стяг {s7}.
qstr_The_{reg6?town_s:cas|Запасів їжі {reg6?в місті:в замку} вистачить іще на {reg3} днів.
qstr_The_{reg6?town_s:cast|Запаси їжі {reg6?міста:замку} закінчилися, й оборонці вмирають від голоду.
qstr_You_re_preparing_to_|Ви готуєтеся атакувати стіни, підготовка закінчиться через {reg9} годин.
qstr_Your_forces_are_buil|Ваші війська будують облогову вежу. На завершення спорудження їм знадобиться ще {reg9} годин.
qstr_You_are_ready_to_att|Ви готові атакувати стіни в будь-який момент.
qstr_The_siege_tower_is_b|Облогова вежа готова, і її можна використовувати у бою.
qstr_As_a_last_defensive_|Зібравши сили, що залишилися, Ви відступаєте до головного залу фортеці. Тут Ви зі своїми солдатами дасте останній відчайдушний бій. Якщо Ви зазнаєте поразки, відступати буде нікуди.
qstr_You_ve_been_driven_a|Ви змушені відступити від стін, і вороги заповнюють вулиці. Якщо Ви переможете, то, можливо зумієте зборонити свій замок.
qstr_You_ve_breached_the_|Ви пробилися через стіни, але оборонці вперто продовжують стримувати Вас на вулицях! Доведеться розібратися з ними, перш ніж Ви зможете напасти на фортецю в центрі міста.
qstr_The_town_centre_is_y|Ви зайняли центр міста, але рештки оборонців сховалися в замку. Їх необхідно здолати, аби Ваша перемога була повною.
qstr_The_remaining_defend|Останні оборонці сховалися в замку. Ви повинні ввійти туди й придушити останній осередок опору.
qstr_However_since_you_ar|Однак {s9} не приймав від Вас васальної клятви, тому в цьому {reg8?місті:замку} Вас не визнають за {нового пана/нову пані}.
qstr_The_enemy_has_been_f|Ворог був змушений відступити. Битва закінчена, але облога триває.
qstr_As_you_approach_you_|При наближенні Ви помічаєте біля замку вартових, що вітають Вас і відкривають ворота для {свого короля/своєї королеви}.
qstr_As_you_approach_you_a|При наближенні Ви помічаєте біля замку вартових, що вітають Вас і відкривають ворота для  {свого пана/своєї пані}.
qstr__This_village_and_th| Це село та прилеглі землі належать Вам.
qstr__You_remember_that_t| Ви згадуєте, що це село та прилеглі землі належать {s7}.
qstr__These_lands_belong_| Ці землі нікому не належать.
qstr__The_village_is_infe| У селі розташувалися {s35} чисельністю {reg8} осіб.
qstr__The_village_has_bee| Село пограбували. Жменька людей з острахом розбігається, коли Ви проходите повз згорілих хатин.
qstr__The_village_is_bein| На село скоєно напад!
qstr_No_one_here_seems_to|Ніхто не палає бажанням приєднатися до Вашого загону.
qstr_One_{s3}_volunteers_|Один {s3} погоджується піти з Вами.
qstr_{reg5}_{s3}_voluntee|З Вами погоджуються піти {reg5} {s3}.
qstr_Try_as_you_might_you|Як би Ви не намагалися, з бандитами вам не впоратися. Аби провчити селян, вони розносять село по камінчику, і залишаючи за собою випалену землю вирушають до нових зелених пасовиськ.
qstr_village|Село
qstr_town|Місто
qstr_castle|Замок
qstr_The_{s17}_has_no_imp|{s17} немає споруд.
qstr_The_{s17}_has_the_fo|{s17} має такі споруди: {s18}.
qstr_The_assasins_beat_yo|Убивці б'ють Вас і згодом полишають, вирішивши, що Ви померли.
qstr_You_have_fallen._The|Ви падаєте. Бандити швидко обшукують ваше тіло, забирають все цінне і розчиняються в темряві ночі. Втім, Ви живі, і це головне.
qstr_Luckily_some_of_your|На щастя, ваші супутники, хвилюючись через вашу тривалу відсутність, відправляються на пошуки і знаходять вас біля дороги. Вони відносять вас у безпечне місце і перев'язують рани.
qstr_Luckily_some_passing|На щастя, кілька городян знаходять вас біля дороги і розуміють, що Ви не просто жебрак або п'яниця. Вони відносять вас на найближчий заїжджий двір і перев'язують рани.
qstr_You_fail_to_steal_an|Вам не вдається викрасти худобу.
qstr_You_drive_away_{reg1|Ви виводите з сільського стада {reg17} {reg12?голів:голову} худоби.
qstr_You_are_at_{s2}.|Ви перебуваєте в {s2}.
qstr__This_castle_has_no_| У цьому замку немає гарнізону.
qstr__This_town_has_no_ga| У цьому місті немає гарнізону.
qstr__You_have_successful| Ви успішно прослизнули досередини.
qstr_{s13}_A_tournament_w|{s13} Скоро тут буде турнір.
qstr___{reg1}_denars_per_| ({reg1} динарів за ніч)
qstr_Moreover_you_earn_{r|Окрім того, Ви отримуєте {reg8} динарів, які Ви самі себе поставили.
qstr_Victory_is_yours!_Yo|Перемога за Вами! Ви виграли цей бій, але тепер Вам потрібно готуватися до наступного раунду.
qstr_You_have_been_bested|У цьому бою Ви зазнали поразки, але мейстер визнає Вашу вправність і хоробрість, і дозволяє Вам узяти участь у наступному раунді.
qstr_You_were_beaten._The|Ви зазнали невдачі. Селяни радіють успіху, але урок, який Ви хотіли їм дати, не вдався...
qstr_After_beating_your_l|Здолавши всіх супротивників, Ви пояснюєте селянам, як краще захищатися від таких атак. Будемо сподіватися, що вони все зрозуміють і як слід підготуються.
qstr_The_bandits_are_brok|Бандити переможені! Ті, хто залишився в живих і в свідомості, тікали не озираючись, злякавшись селян і їх нового захисника.
qstr_{s1}_s_Ship|Корабель {s1}
qstr_However_{reg3?You_ar|Однак {reg3?Ви:{s1}} не в силах знайти товарів, які принесли б вам прибуток.
qstr_^Buying_{s4}_here_an|^Якщо купити {s4} тут і продати {s5}, то це принесе Вам прибуток у розмірі {reg6} динарів за одиницю товару. {s3}
qstr_{reg3?You_find:{s1}_|{reg3? з'ясовуєте:{s1} з'ясовує} таке:^{s3}
qstr_{s2}^{reg1}_{s1}_ear|{s2}^{reg1} {s1} отримує {reg0} очок досвіду.
qstr_{s2}^{s1}_earned_an_|{s2}^{s1} отримує ще {reg0} очок досвіду.
qstr_^You_earned_{reg0}_e|^Ви отримуєте {reg0} очок досвіду.{s2}
qstr_The_training_didn_t_|Навчання пройшло дуже погано.
qstr_The_training_didn_t_g|Навчання пройшло не дуже добре.
qstr_The_training_went_qu|Навчання пройшло цілком нормально.
qstr_The_training_went_ve|Навчання пройшло дуже добре.
qstr_The_training_went_pe|Навчання пройшло відмінно.
qstr_{s13}_asked_you_to_r|{s13} прохає Вас прийти йому на допомогу з військом, чисельністю не менше {reg13} осіб.
qstr_{s13}_ordered_you_to|{s13} наказує Вам приєднатися до атаки на {s14}.
qstr_Find_and_speak_with_|Знайдіть {s3} з {s4} і принесіть йому присягу.
qstr_There_has_been_an_al|Стався дивний прикордонний інцидент: {s9}
qstr_^^Note_that_so_long_|Примітка ^^, що, поки Ви залишаєтеся маршалом, лорди царства будуть очікувати, запрошення до нової кампанії. Тож, якщо Ви чекаєте банкету, весілля або інших справ, то можете просити залишити пост гооловнокомандувача, говорячи з Вашим королем.
qstr_Breaking_camp...|Зняття табору...
qstr_Your_party_is_spotte|{s1} помічає Ваш загін.
qstr_Party_has_nothing_to|У Вашого загону немає їжі!
qstr_{reg1}_{s1}_{reg2?ha|{s1} {reg1} {reg2?воїнів утекло:воїн утік} із загону вночі.
qstr_{s1}_of_{s3}_has_bee|{s1} знову на волі.
qstr_Building_of_{s0}_in_|Будівництво {s0} {s4} завершено.
qstr_{s1}_has_won_the_tou|Турнір у місті {s2} закінчений. Переможець {s1}.
qstr_{s1}_is_no_longer_in|{s1} більше не страждає від нападів бандитів (ночами).
qstr_You_pay_for_accommod|Ви платите за проживання.
qstr_Betrothal_to_{s5}_ex|Заручини із {s5} закінчились.
qstr__Your_tactics_skill_| Ваша навичка тактики збільшилася на 1.
qstr__Your_persuasion_ski| Ваша навичка переконання збільшилася на 1.
qstr__Your_leadership_ski| Ваша навичка лідерства збільшилася на 1.
qstr__Your_intelligence_h| Ваш інтелект збільшився на 1.
qstr__Your_trade_skill_ha| Ваша навичка торгівлі збільшилася на 1.
qstr__Your_weapon_master_| Ваша навичка володіння зброєю збільшилася на 1.
qstr__Your_engineer_skill| Ваша навичка інженерії збільшилася на 1.
qstr_You_have_finished_re| Ви закінчили читати {s1}.{s2}
qstr_Book_Read|Читання книги
qstr_{s1}_is_scouted.|{s1} вивчений.
qstr_{s1}_has_switched_fr|{s1} змінили одного лідера {s2} на іншого {s3}.
qstr_{reg65?my_Lady:my_Lo|{reg65?міледі:мілорде}
qstr_{reg65?My_Lady:My_Lo|{reg65?Міледі:Мілорде}
qstr_{reg65?madame:sir}|{reg65?пані:пане}
qstr_{reg65?Madame:Sir}|{reg65?Пані:Пане}
qstr__no_fiefs_|(немає наділів)
qstr__fiefs:_{s0}_|(наділів: {s0})
qstr_It_s_your_money_or_y|Гаманець або життя, {приятелю/подружко}. І ніяких різких рухів - приріжем на місці.
qstr_Lucky_for_you_you_ca|Тобі пощастило, зараз я в хорошому настрої. Віддай мені все своє золото, і можеш йти.
qstr_This_a_robbery_eh?_I|Пограбування, зрозуміло? Віддавай все, що є, або ми з хлопцями вб'ємо тебе. Зрозуміло?
qstr_we_have_made_very_li|ми майже не просунулися вперед
qstr_we_have_suceeded_in_|ми завоювали трохи землі, але шлях ще належить довгий
qstr_we_have_become_a_sig|ми стали значною силою, і тепер у нас навіть є шанси на перемогу
qstr_we_are_winning_the_w|ми виграємо війну, але вороги ще тримаються.
qstr_we_are_on_the_verge_|ми майже перемогли. Залишилися вороги не представляють загрози, але все ж треба вистежити їх.
qstr_{playername}_when_we|{playername}, коли ми перебували ще в самому початку шляху, мало у кого вистачало сміливості підтримати мене, і ще менше було тих, хто готовий був віддати за мене життя. Але у тебе не було ні краплі сумнівів, коли потрібно було розправитися з моїми ворогами. Ми дуже багато пережили разом, і бували такі моменти, коли надія майже покидала мене. Але, з божою допомогою, ми перемогли. Зараз мені потрібно покинути тебе і взяти те, що належить мені по праву. З цих пір {s3} - моя вотчина, і я відчуваю велику відповідальність, приймаючи цю владу. Попереду мене чекає ще багато випробувань, і я розраховую, що ти й далі не залишиш мене. І, звичайно, ти завжди будеш моїм найпершим васалом.
qstr__We_will_of_course_n|Ми звичайно повинні будемо чекати, поки царство більше не перебуває на кампанії.
qstr_I_am_{s4}_the_ruler_|Я - {s4}, правитель у {s6}
qstr_I_am_{s4}_a_vassal_o|Я - {s4}, васал {s6}
qstr_{s9}{reg5?_and_the_l|{s9}{reg5? і лорд {s8}.:.
qstr_{s13}_asked_you_to_g|{s13} прохає Вас знайти {reg3} голів худоби і пригнати до нього.
qstr_{s9}_asked_you_to_sc|{s9} прохає Вас розвідати місцевість навколо {s13}, {s14} і {s15} і потім доповісти обстановку.
qstr_you|Ви
qstr_You_are_challenging_|Ви викликаєте мене на поєдинок? Ось потіха! Як побажаєте, {playername}. Я з радістю загачу вам голову в плечі.
qstr_{s16}_and_{s17}|{s16} і {s17}
qstr_Very_well_I_will_acc|Добре, я прийму тебе назад, якщо ти даси мені присягу.
qstr_A_pardon_will_only_b|Я прощу тебе, тільки якщо ти передаш мені {s17}. Ти приймаєш мої умови?
qstr_No._There_is_no_chan|Ні. Про мир не може бути й мови, мене це не цікавить.
qstr_Our_marshal_{s1}|Наш головнокомандувач, {s1}
qstr_{s11}_and_{s12}|{s11} і {s12}
qstr_We_are_not_at_war_wi|Ми ні з ким не воюємо.
qstr_We_are_at_war_with_{|Ми воюємо з {s12}.
qstr_go_on_the_offensive_|іти в наступ зараз.
qstr_act_to_defend_our_la|захищати наші землі.
qstr_take_more_time_to_ga|вичікувати, аби зібрати армію.
qstr_You_promised_to_help|Ви обіцяєте, що {s13} отримає Вашу підтримку у боротьбі за трон {s14}.
qstr_What_do_you_say_to_e|Не бажаєте піти на службу до {9} командиром найманців? Ви напевно впораєтеся з цим призначенням.
qstr_{s9}_asked_you_to_ta|{s9} прохає Вас віднести повідомлення {s13}. Коли вам дали завдання {s13}, швидше за все, перебував в {s4}.
qstr_{s9}_asked_you_to_tak|{s9} прохає Вас віднести повідомлення {s13} з {s15}. Коли Вам дали завдання {s13}, швидше за все, перебував у {s4}.
qstr_{s11}_asked_you_to_e|{s11} прохає Вас супроводити його {s17} {s13} {s14}.
qstr_{s13}_asked_you_to_d|{s13} прохає Вас розібратися з бандитами, які зайняли село {s15} і доповісти про результати.
qstr_{s9}_asked_you_to_ra|{s9} прохає Вас зібрати загін із {s14} чисельністю {reg1} людей і доставити до нього.
qstr_{s9}_asked_you_to_co|{s9} прохає Вас вирушати до {s3} і зібрати там податки. Він сказав, що Ви можете залишити собі одну п'яту частину зібраних грошей.
qstr_{s9}_asked_you_to_hu|{s9} прохає Вас затримати втікача на ймення {s4}. Востаннє коли його бачили, він був у {s3}.
qstr_{s9}_asked_you_to_as|{s9} прохає Вас убити торговця {s3}.
qstr_{s9}_has_asked_you_t|{s9} прохає Вас зустрітися зі шпигуном {s13}.
qstr_{s11}_asked_you_to_f|{s11} прохає Вас піти за шпигуном, який вирушить у дорогу з {s12}. Ви не повинні потрапити шпигунові на очі, інакше він може щось запідозрити й повернутися. Щойно шпигун зустрінеться з тим ким треба, атакуйте їх обох із засідки і приведіть їх до {s11}.
qstr_{s11}_asked_you_to_c|{s11} прохає Вас вирушити до {s13}, узяти в заручники будь-якого тамтешнього правителя і привезти його до {s11}.
qstr_{s9}_asked_you_to_le|{s9} прохає Вас залишити з ним Вашого компаньйона {s3}, на тиждень.
qstr_{s9}_asked_you_to_col|{s9} прохає Вас забрати {reg4} динарів у боржника на ймення {s3}. Цього {s3} нещодавно бачили в {s4}.
qstr_{s11}_gave_you_a_fak|{s11} дає Вам фальшивий лист, щоб {s13}, прочитавши його, вигнав свого васала {s16}. Вам потрібно вирушити до {s14}, де {s15} візьме лист до міста, думаючи, що він справжній.
qstr_{s9}_has_requested_y|{s9} прохає привести до нього {s3}. Йому потрібні {reg1} бранці(-и/ів).
qstr_Lend_your_experience|Залишити свого досвідченого хірурга {s3} з {s1}.
qstr_Then_take_it_with_my|Тоді прийміть це з моєю найщирішою вдячністю. Ви - {благородний чоловік/шляхетна жінка}. Я ніколи не забуду, як Ви допомогли мені в скрутну хвилину.
qstr_Forgive_me_{playerna|Прошу вибачення, {playername}, але я наполягаю на тому, щоб Ви це взяли. Ось, візьміть, і залишимо цю розмову.
qstr_{playername}_what_a_|{playername}, Ви надзвичайна людина, але я не дозволю вам відмовитися. Я в набагато більшому боргу перед вами, ніж Ви думаєте, і, мені здається, Ви знайдете цим грошам куди краще застосування, ніж я.
qstr_{s11}_asked_you_to_r|{s11} прохає вас врятувати її {s17}, {s13} з {s14}, який опинився у в'язниці. Щоб врятувати його, обміняйтеся з ним одягом і залишіться там замість нього.
qstr_{s11}_asked_you_to_re|{s11} прохає вас врятувати її {s17}, {s13} з {s14}.
qstr_{s11}_asked_you_to_d|{s11} прохає вас доставити лист {s13}, якого тримають у в'язниці {s14}.
qstr_You_agreed_to_challe|Ви погодилися вийти на поєдинок з {s13}, щоб захистити честь {s11}.
qstr_{s5}__Persuasion_str|{s5} (Сила переконання: {reg5})
qstr_Persuasion_Attempt|Спроба переконання
qstr_A_villager_from_{s7}|Мешканець села {s7} благає Вас прогнати бандитів із села, які влаштували там своє лігво.
qstr_You_chose_well_{sir/|Ви зробили правильний вибір, {пане/пані}. Мої хлопці вміють тримати слово і чесно відпрацьовують свої гроші.
qstr_Well_done_{sir/madam|Чудово, {пане/пані}. Давайте нам гроші і вино - і можете ніякого ворога в Кальдарії не боятися!
qstr_We_are_at_your_servi|Ми до ваших послуг, {пане/пані}. Ви тільки покажіть, з ким треба розібратися, а вже за нами діло не стане!
qstr_The_Guildmaster_of_{|Голова гільдії з {s13} прохає вас розібратися з кількома злодійських бандами неподалік від міста.
qstr_{s9}_of_{s3}_asked_y|{s9} з {s3} прохає вас доставити {reg5} штук {s6} в таверну міста {s4} через 7 днів.
qstr_Escort_the_merchant_|Супроводити торговий караван {s8}.
qstr_Merchant_{s9}_of_{s4|Купець {s9} з {s4} прохає вас вистежити настирливих бандитів неподалік від міста.
qstr_Guildmaster_of_{s4}_|Голова гільдії з {s4} дав вам {reg12} динарів, щоб заплатити викуп за дівчину, викрадену бандитами. Ви повинні зустрітися з ними близько {s3} і передати гроші. Після цього дівчинку потрібно повернути в {s4}.
qstr_Guildmaster_of_{s4}_p|Голова гільдії з {s4} не пошкодує для Вас {reg12} динарів, якщо Ви переконаєтеся, що {s12} і {s13} не загрожують мирному договорові між {s15} і {s14}. Для цього Вам доведеться або умовити їх, або захопити у полон й утримувати допоки не буде укладено мир.
qstr_The_Guildmaster_of_{s|Голова гільдії {s14} попрохав Вас розібратися з ватагою бандитів, що тероризують вулиці міста. Вони з'являються суто ночами і нападають лише на самотніх перехожих.
qstr_Guildmaster_of_{s10}|Голова гільдії з {s10} прохає Вас відігнати худобу {s13}. За це Ви отримаєте {reg8} динарів.
qstr_He_is_not_commanding|Зараз під його командуванням людей немає.
qstr_He_currently_command|Під його командуванням зараз {reg0} людей{reg1?, з яких {reg1} поранені:}.
qstr_The_elder_of_the_vil|Староста села {s3} прохає Вас принести їм {reg5} мішків зерна.
qstr_The_elder_of_the_vill|Староста села {s13} прохає Вас навчити {reg5} селян битися з місцевими шибайголовами.
qstr_The_elder_of_the_villa|Староста села {s3} прохає Вас пригнати до них {reg5} голів худоби.
qstr_{s16}_and_{s15}|{s16} і {s15}
qstr_I_can_smell_a_fat_pu|Товстий гаманець я чую здалеку. Гадаю, ти не проти трохи його полегшити, га?
qstr_Why_it_be_another_tr|Оце так! Нечасто на цій дорозі зустрінеш мандрівників. Хочу попередити тебе, що тут дуже небезпечно, особливо для таких славних {хлопців/дівчат}, як ти. Але якщо ти трохи приплатиш мені і моїм хлопцям, то продовжиш свій шлях в безпеці!
qstr_Well_well_look_at_th|Ого, ну нічого собі! Давай-но, відсип нам трохи срібла, не то ми самі його заберемо!
qstr_There_s_a_toll_for_p|За прохід цією землею треба платити мито. Тому, якщо не заперечуєш, ми візьмемо у тебе, скільки треба.
qstr_Another_fool_come_to|Ще {один/одна} бажає померти від моїх рук? Ну що ж, давай!
qstr_We_re_not_afraid_of_|Ми тебе не боїмося! Зараз ти позбудешся своєї довбешки!
qstr_That_was_a_mistake._|Дарма ти так. Тепер мені доведеться довго й болісно тебе вбивати.
qstr_Brave_words._Let_s_s|Сміливо. Подивимося, як ти ділом підтвердиш свої слова!
qstr_A_{s5}?_Well..._Yes_|{s5}? Ну, напевне, так. Дивне питання.
qstr_Eh?_No_it_most_certa|Що? Ні, це зовсім не {s5}. У Вас вочевидь із зором кепсько.
qstr_This_is_the_{reg4?to|{reg4?місто:село} {s5}, {пане/пані}.
qstr_{s6}_Our_{reg4?town:|{s6} {reg4?Це місто:Це село} та прилеглі землі, звісно ж, належать Вам, {мілорде/міледі}.
qstr_{s6}_Our_{reg4?town:v|{s6} {reg4?Це місто:Це село} та прилеглі землі, належать {s7} з {s8}.
qstr_{s3}_and_{s5}|{s3} і {s5}
qstr_{reg20?We_mostly_pro|{reg20?Переважно тут виробляються такі товари, як {s5}:Зараз ми майже нічого не виробляємо}. Якщо Вам цікаво, то побалакайте з нашим {reg4?головою гільдії:старійшиною}. Він недалеко, ось там.qstr_{s5}_has_decided_to_|{s5} вирішив передати {s4} іншому лорду {s7}.
qstr_A_livestock_epidemic|Епідемія худоби вбила {reg4} голів у {s4}.
qstr_Riot_in_{s6}!|Бунт в {s6}!
qstr_You_are_within_the_w|Ви в мурах спорідненого члена родини і не мусите платити за житло.
qstr_Your_recruiter_who_w|Ваш вербувальник, якому доручено набрати {reg10} рекрутів до {s13}, розбитий!
qstr_{s13}_has_been_taken|{s13} захоплено ворогом, а ваш вербувальник, якому доручено набрати {reg10} рекрутів, зник без сліду!
qstr_ERROR_IN_THE_RECRUIT|ПОМИЛКА В ПРОСТИХ ТРИГЕРАХ НАБОРУ ВЕРБУВАЛЬНИКА!
qstr_A_recruiter_has_brou|Вербувальник привів {reg10} рекрутів до {s13}.
qstr_Distance_between_{s1|Відстань між {s14} і {s15}: {reg0}
qstr_Your_caravan_has_bro|Ваш караван привіз {s12} до {s13}.
qstr_{s13}_is_unimpressed|{s13} не вражена вашим мізерним дарунком.
qstr_The_people_of_{s13}_|Люди {s13} не вражені вашим мізерним дарунком.
qstr_Your_caravan_has_los|Ваш караван збився зі шляху і покинув вашу місію!
qstr_Transfer_to_{s6}|Перевести до {s6}
qstr_{s6}_patrol|патруль {s6}
qstr_Your_messenger_reach|Ваш гінець дістався {s13}.
qstr_{s14}|{s14}
qstr_Your_messenger_has_l|Ваш гінець збився зі шляху і покинув вашу місію!
qstr_Not_enough_money_in_|Недостатньо грошей у скарбниці, щоб покращити війська.
qstr_Your_constable_upgra|Ваш констебль покращив {reg5} {s6} до {s7} в {s8}
qstr_Your_soldiers_patrol|Ваші воїни, що патрулювали {s6}, розпущені, бо ви не можете платити платню!
qstr_It_is_rumoured_that_|Подейкують, що в {s11} спіймано шпигуна.
qstr_{s0}_is_grumbling_ag|{s0} нарікає на вас. Ваша спорідненість може опинитися під загрозою, якщо це триватиме.
qstr_{s0}_is_grumbling_aga|{s0} нарікає на вас, але з підтримкою {s1} ви лишаєтеся спорідненими наразі.
qstr_Your_last_fief_was_c|Ваш останній наділ захоплено, і ви втратили {reg0}/{reg1} вашої скарбниці
qstr_Lucky_for_you_you_c|Пощастило тобі, ти застав мене в доброму гуморі. Віддай нам усі монети, і, може, я лишу тебе живим.
qstr_This_a_robbery_eh?_|Це пограбування, га? Даю тобі один шанс віддати все, що маєш, або ми з хлопцями тебе вб'ємо. Зрозумів?
qstr_{s5}_patrol|патруль {s5}
qstr_Your_kingdom_has_no_|Ваше королівство не має визначеної культури
qstr_Your_kingdom_culture|Культура вашого королівства: {s11}
qstr_Kingdom_culture:_Non|Культура королівства: немає
qstr_Kingdom_culture:_{s1|Культура королівства: {s11}
qstr_{s11}|{s11}
qstr_According__to_the_re|Згідно зі звітом наших шпигунів
qstr_{s10}_{reg3}_lords_s|{s10} {reg3} лордів підтримують {s9}.
qstr_Sorry_currently_I_c|Вибачте, наразі не можу надати інформації про настрій лордів, наші шпигуни ще не звітували.
qstr_Our_kingdom_currentl|Наше королівство наразі має {reg2} воїнів
qstr_{s6}_garrisoned_in_{|{s6} гарнізоном у {reg2} містах
qstr_{s6}_and_{reg2}_cast|{s6} і {reg2} замках.
qstr_{s6}_In_addition_we_|{s6} Окрім того, маємо {reg2} воїнів у полі.
qstr_We_currently_have_{r|Наразі маємо {reg2} воїнів
qstr_{s6}_In_addition_you|{s6} Окрім того, маєте {reg2} воїнів у вашому конвої і {reg3} воїнів у патрулях.
qstr_{reg0?She:He}_fields|{reg0?Вона:Він} виставляє {reg2} воїнів.
qstr_We_currently_have_{re|Наразі маємо {reg2} воїнів гарнізоном у {s60}.
qstr_You_are_preferring_m|Ви надаєте перевагу ближнім загонам.
qstr_You_are_preferring_r|Ви надаєте перевагу дальнім загонам.
qstr__and_the_additional_| і додаткові тренери
qstr_We_currently_have_an|Наразі маємо дохід {reg0} динарів і витрати {reg1} динарів від наділів і гарнізонів.
qstr_{s6}_We_are_losing_{|{s6} Ми втрачаємо {reg0} динарів через податкову неефективність. Це означає {reg1} відсотків.
qstr_{s6}_Overall_this_su|{s6} Загалом це підсумовується до {reg0} динарів.
qstr_{reg0}_denars|{reg0} динарів
qstr_no|ні
qstr_{s60}_is_currently_o|{s60} наразі зайнято розбійниками, вам варто протидіяти їм якнайшвидше.
qstr__We_are_expecting_{r| Очікуємо {reg0} динарів оренди
qstr__The_troop_wages_for| Платня військам за {reg0} воїнів коштує нам {reg1} динарів.
qstr_{s61}_and_{reg0}_den|{s61} і {reg0} динарів мита
qstr_Well_{s60}.|Що ж, {s60}.
qstr_{s4}_{s3}._The_tax_r|{s4} {s3}. Ставка податку {s50}.{s59}{s61}. Загалом це підсумовується до {s62} динарів.
qstr_Tax_rate_for_{s6}:_{|Ставка податку для {s6}: {s11}
qstr_You_have_shown_great|Ти показав велику силу на полі бою. Але чому я маю зарахувати тебе до нас?
qstr_All_of_life_is_about|Усе життя — про за і проти. Чому ми маємо дозволити тобі бути нашим побратимом?
qstr_I_know_people_do_fe|Знаю, люди бояться твоєї суворості. А чи варто нам?
qstr_Indeed_I_have_heard|Справді, я чув про твою вірність і доблесть. Але чи досить цього, щоб приєднатися до нас?
qstr_I_m_glad_you_want_to|Радий, що ти хочеш нас підтримати. Але чи мудро тобі буде приєднатися до нашої родини?
qstr_Beside_your_wealth_|Окрім твого багатства, чим ти можеш послужити мені і моїй родині?
qstr_My_friend_I_see_you|Друже, я бачу твої міркування. Але чи справді ти ризикуватимеш напружити нашу дружбу, вступаючи в формальне партнерство?
qstr_Agreed!_Your_words_c|Згоден! Твої слова переконують мене не менше за твій клинок.
qstr_I_trust_you_my_fami|Я тобі довіряю, моїй родині знадобиться твоя винахідливість. Разом ми поширимо наш вплив по всій Кальрадії.
qstr_May_God_have_mercy_o|Нехай Бог змилується над душами наших ворогів, бо ми — ні!
qstr_So_be_it._We_are_hon|Нехай буде так. Нам честь прийняти тебе до нашої родини.
qstr__I_will_appreciate_y| Я цінуватиму тебе як сина.
qstr_I_accept_your_reques|Я приймаю твоє прохання. Ми підтримаємо тебе, якщо ти підтримаєш мою родину.
qstr_Since_you_have_turne|Оскільки ти виявився гідним хлопцем, ти маєш бути гідним усієї нашої родини.
qstr_Your_leader_is_not_e|Твій лідер навіть не король, а я маю до вас приєднатися?
qstr_{s40}_I_would_never_|{s40} Я ніколи не приєднаюся до того, хто не володіє містом чи замком.
qstr_{s40}_I_know_too_lit|{s40} Я замало знаю про твого лідера.
qstr_{s40}_I_found_your_m|{s40} Твій посланець мене не переконав.
qstr_{s40}_Next_time_I_wo|{s40} Наступного разу я б хотів говорити з тим, хто не поводиться як дурень.
qstr_{s40}_Next_time_I_wou|{s40} Наступного разу я б хотів говорити з тим, хто більше тямить у придворних манерах.
qstr_{s40}_I_rather_stay_|{s40} Я б краще лишився з моїм нинішнім королем.
qstr_{s31}_{s32}_{s34}|{s31} {s32} {s34}
qstr_{playername}_when_w|{playername}, коли ми почали нашу довгу путь, мало хто мав сміливість мене підтримати. І ще менше було готових ризикнути життям за мою справу. Але ти ні миті не вагався кинутися на моїх ворогів. Ми багато пройшли разом, і були часи, коли я майже втрачав надію. Але з Божою поміччю ми перемогли. Тепер час мені лишити твою компанію і взяти те, що моє по праву. Відтепер я нестиму велику відповідальність правління {s3}. Попереду ще багато викликів, і я розраховую на твою допомогу в їх подоланні. І звісно, ти завжди лишишся моїм першим васалом.
qstr__{s1}_has_been_accep| {s1} прийнято васалом {s2}.
qstr_I_am_{s4}_the_ruler|Я {s4}, правитель {s6}
qstr_I_am_{s4}_{s8}_of_{|Я {s4}, {s8} з {s9}
qstr_I_am_{s4}_a_vassal_|Я {s4}, васал {s6}
qstr_pupil|учень
qstr_Very_well_I_will_ac|Гаразд, я прийму тебе назад до моїх лав, якщо готовий знову скласти урочисту клятву.
qstr_{s1}_exchanged_{s2}_|{s1} обміняв {s2} на {s3} за {s4}.
qstr_Our_liege_{s1}|Наш сюзерен, {s1}
qstr_Then_take_it_with_m|Тоді візьми це, з моєю вічною вдячністю. Ти благородний {man/woman}. Я ніколи не забуду, що ти допоміг мені в час потреби.
qstr_Forgive_me_{playern|Пробач мені, {playername}, але я мушу наполягти, щоб ти прийняв це. Гроші для мене мало важать, а я тобі так винен. Ось, візьми, і не говоримо про це більше.
qstr_{playername}_what_a|{playername}, яка ти люба {man/woman}, але я не дозволю тобі відмовитися. Я тобі винен значно більше, ніж можу сказати, і впевнений, ти знайдеш цим грошам куди краще застосування, ніж я.
qstr_{s12}_and_{s11}|{s12} і {s11}
qstr_You_can_find_book_me|Книготорговців знайдеш у {s11}.
qstr_{s12}_{s11}|{s12}, {s11}
qstr_You_can_find_ransom_|Посередників з викупу знайдеш у {s11}.
qstr_You_chose_well_{s0}|Ти добре обрав, {s0}. Мої {reg65?супутники:хлопці} вміють тримати слово і заробляти платню.
qstr_Well_done_{s0}._Kee|Гарна робота, {s0}. Хай гроші і вино течуть нашим шляхом, і жодного ворога в Кальрадії тобі не треба боятися.
qstr_yet_to_be_announced|ще буде оголошено
qstr_{reg4?She:He}_is_not|{reg4?Вона:Він} наразі не командує жодними людьми.
qstr_{reg4?She:He}_curren|{reg4?Вона:Він} наразі командує {reg0} людьми{reg1?, з яких близько {reg1} поранених:}.
qstr_Why_it_be_another_t|О, ще один мандрівник, зустрінутий на дорозі! Попереджаю, місцина тут трохи небезпечна для доброго {хлопця/жінки} на кшталт тебе. Але за малу пожертву мої хлопці і я подбаємо, щоб ти дістався мети, га?
qstr_Well_well_look_at_t|Ого, гляньте! Тобі краще почати викладати срібло, друже, або ми з хлопцями тебе поламаємо.
qstr_your_lordship|ваша милість
qstr_A_{s5}?_Well..._Yes|{s5}? Що ж... Так, гадаю, так. Яке дивне питання.
qstr_Eh?_No_it_most_cert|Га? Ні, це точно не {s5}. На твоєму місці я б засумнівався у власному зорі.
qstr_Sensitivity___25%__{|Чутливість - 25% ({reg8}, {reg9})
qstr_Sensitivity_+_25%__{|Чутливість + 25% ({reg8}, {reg9})
qstr__near_{s10}| біля {s10}
qstr_Your_recruiter_who_wa|Ваш вербувальник, якому доручено набрати {reg10} рекрутів до {s13}, розбитий{s10}!
qstr_Your_caravan_sending|Ваш караван, що везе {s12} до {s13}, розбитий{s10}!
qstr_Your_messenger_on_th|Ваш гінець дорогою до {s13} розбитий{s10}!
qstr_Your_soldiers_patroll|Ваші воїни, що патрулюють {s13}, розбиті{s10}!
qstr_A_scout_trying_to_ga|Розвідник, що намагався зібрати відомості про {s13}, убитий{s10}!
qstr_{s1}_is_now_a_prison|{s1} тепер полонений {s2}.
qstr_{s51}_belongs_to_{s1}|{s51} належить {s1} з {s2}, і саме там {reg0?вона:він} тримає {reg0?свій:свій} двір.^
qstr_{s51}_belongs_to_{s1}_|{s51} належить {s1} з {s2}, і саме там {reg0?вона:він} мешкає.^
qstr_{s51}_belongs_to_{s1}_o|{s51} належить {s1} з {s2}.^
qstr_{s51}_belongs_to_{s2|{s51} належить {s2}, але ще не пожалувано лорду.^
qstr_{s51}_belongs_to_{s2}|{s51} належить {s2}.^
qstr_{s2}Its_market_town_|{s2}Його торговим містом є {s8}.^
qstr_Domestic_policy:_^^|Внутрішня політика: ^^
qstr_item_score:{reg0}_v|оцінка предмета:{reg0}, цінність:{reg1}
qstr_Tribune|Трибун
qstr_{s5}_of_the_{s7}_has|{s5} з {s7} заволодів {s4}.
qstr_{s4}_has_been_awarde|{s4} пожалувано {s5} з {s7}.
qstr_pt_in_{s11}|зв у {s11}
qstr_{s10}_constructs_a_{|{s10} будує {s0} в {s4}
qstr_{s0}_collects_{reg0}|{s0} збирає {reg0} динарів з {s4}, поточне багатство: {reg1} динарів
qstr__{s10}_of_{s13}_recr| {s10} з {s13} набирає {reg2} {s12} в {s14}
qstr_{s10}_hires_{reg2}_{|{s10} наймає {reg2} {s12} в {s4}
qstr_{s10}_upgrades_{s11}|{s10} покращує {s11} (коштує {s1}) в {s4}, лишилося {reg0} динарів.
qstr_{s5}_has_the_greates|{s5} має найбільшу підтримку серед лордів {s4} стати наступним маршалом. {s0} indisponований і не може скасувати їхній вибір.
qstr_{s5}_has_the_greatest|{s5} має найбільшу підтримку серед лордів {s4} отримати {s1}. {s0} indisponований і не може скасувати їхній вибір.
qstr_{s5}_has_the_greatest_|{s5} має найбільшу підтримку серед лордів {s4} стати наступним маршалом, але {s0} скасовує їхній вибір.
qstr_{s5}_has_the_greatest_s|{s5} має найбільшу підтримку серед лордів {s4} отримати {s1}, але {s0} скасовує їхній вибір.
qstr_{s0}_is_laying_siege|{s0} облягає {s1}.
qstr_{s0}_is_patrolling_a|{s0} патрулює навколо {s1}.
qstr_{s0}_is_raiding_arou|{s0} грабує навколо {s1}.
qstr_{s0}_is_engaging_{s1|{s0} вступає в бій з {s1}.
qstr_{s0}_is_accompanying|{s0} супроводжує {s1}.
qstr_{s0}_is_screening_th|{s0} прикриває наступ {s1}.
qstr_{s0}_is_trading_with|{s0} торгує з {s1}.
qstr_{s0}_is_retreating_t|{s0} відступає до {s1}.
qstr_{s0}_is_visiting_{s1|{s0} відвідує {s1}.
qstr_{s2}_{reg3?was:is}_tr|{s2} {reg3?була:є} в дорозі до {s3}, і {reg4?вона:він} {reg3?була:має бути} між {s4} і {s1}{reg3?: наразі}.
qstr_{s2}_{reg3?was:is}_in|{s2} {reg3?була:є} в полі, і {reg4?вона:він} {reg3?була:має бути} між {s3} і {s1}{reg3?: наразі}.
qstr_Your_soldiers_patrolli|Ваші воїни, що патрулюють {s6}, розпущені, бо ви лишили фракцію!
qstr_I_heard_some_people_|Я чув, люди кажуть, що не вірять, ніби {s6} справді мертвий.
qstr_I_heard_a_traveller_|Я чув, мандрівник казав, що зустрів {s6}, мандруючи за цими землями.
qstr_I_heard_that_{s6}_in|Я чув, що {s6} має намір зібрати армію і захопити трон у {s61}.
qstr_{s0}^{s1}|{s0}^{s1}
qstr_finding_best_{reg0}_|пошук найкращого {reg0} для {s1}
qstr_found_{s0}_best_valu|знайдено {s0} найкраще значення {reg0} для {s1}
qstr_{reg0}_denars_added_|{reg0} динарів додано до скарбниці.
qstr_{reg0}_denars_remove|{reg0} динарів вилучено зі скарбниці.
qstr_{s1}_and_{s2}_have_e|{s1} і {s2} уклали між собою союз.
qstr_{s1}_and_{s2}_have_c|{s1} і {s2} уклали між собою оборонний пакт.
qstr_{s1}_and_{s2}_have_co|{s1} і {s2} уклали між собою торговельну угоду.
qstr_{s1}_and_{s2}_have_con|{s1} і {s2} уклали між собою пакт про ненапад.
qstr_Transfer_to_{s5}|Перевести до {s5}
qstr_{s5}_scout|розвідник {s5}
qstr_{s4}_has_returned_fr|{s4} повернулася із вигнання, шукаючи притулку в {s6} з {s5}.
qstr_{s4}_has_been_grante|{s4} отримала помилування від {s6} з {s5} і повернулася з вигнання.
qstr_Given_the_way_things|Зважаючи на те, як між нами зараз, {playername}, я б не вважав розумним вступати в таку угоду.
qstr_{playername}_I_am_g|{playername}, я вдячна тобі, але в очах людей ти не маєш достатньої легітимності як потенційний співправитель. Шлюб з тобою підірвав би мої власні домагання на трон.
qstr_{playername}_I_know|{playername}, я знаю, що якби не ти, я б не сиділа на цьому троні, але твоє ім'я мало відоме в Кальрадії. Шлюб з тобою сприйняли б як нерівний і поставили б під сумнів мої власні домагання на трон.
qstr_{playername}_I_am_gr|{playername}, я вдячна за твою допомогу у поверненні мого законного трону, але ти не маєш достатніх особистих володінь, щоб бути мені гідною парою. Це було б нерівне партнерство.
qstr_{playername}_I_am_gra|{playername}, я вдячна тобі, але якби я погодилася зараз, я б ризикнула образити могутніх лордів на кшталт {s15}, які можуть вважати, що мають честь рівну або більшу за твою.
qstr_{playername}_I_am_grat|{playername}, я вдячна тобі, але якби я погодилася зараз, я б ризикнула образити великих лордів на кшталт {s15}, які можуть вважати, що мають честь рівну або більшу за твою.
qstr_{playername}_while_|{playername}, хоч я і вдячна тобі, мушу зізнатися, що мені подобається {s15}.
qstr_Our_realm_has_too_fe|Наше королівство має замало васалів. У нинішньому хиткому стані справ я мушу використати принаду потенційного політичного союзу, щоб залучити нових васалів, і ще не можу показати прихильність жодному {reg65?претенденту:кандидату}.
qstr_Because_I_have_insuf|Оскільки я маю недостатньо особистих володінь порівняно з {s15}, якби я вступила в таку угоду, я б ризикнула виглядати маріонеткою, поставивши стабільність королівства під загрозу.
qstr_Because_my_personal_|Оскільки мої особисті володіння недостатньо великі порівняно з іншими лордами {s14}, якби я вступила в таку угоду, я б ризикнула виглядати маріонеткою, поставивши стабільність королівства під загрозу.
qstr_I_am_grateful_to_you|Я вдячна тобі, {playername}, але ти маєш забагато ворогів серед лордів {s14}, щоб твоя пропозиція була політично життєздатною. Якби я погодилася, міг би статися бунт.
qstr_You_have_engendered_|Ти спричинив забагато суперечок останнім часом, {playername}. Якби я погодилася зараз, міг би статися бунт серед лордів {s14}. Поговоримо про це пізніше, коли галас вщухне.
qstr_If_you_desire_to_lea|Якщо бажаєш вести {s14} пліч-о-пліч зі мною, збери підтримку серед моїх васалів, щоб стати маршалом, і продемонструй їм свої здібності воєначальника.
qstr_Our_realm_has_lost_t|Наше королівство втратило забагато території. Колись ми тримали {s1}, а тепер лише {s0}. У нинішньому хиткому стані справ я мушу зберегти можливість політичного союзу як козир у торгах з іншими суверенами, тож ще не можу показати прихильність жодному {reg65?претенденту:кандидату}. Поверни {s14} колишню славу, і я радо матиму тебе правити поруч як мій {husband/wife}.
qstr_{s0}_{reg0?have:has}|{s0} {reg0?втрачено:втрачено} до чужих рук. Поверни {s14} її законні межі, і я радо матиму тебе правити поруч як мій {husband/wife}.
qstr_You_have_only_been_m|Ти маршал лише {reg0} {reg1?днів:день}. Поговоримо про це, коли протримаєшся на посаді хоча б два тижні.
qstr_If_not_for_you_I_wou|Якби не ти, я б не сиділа на цьому троні, {playername}. Коли ми почали нашу довгу путь, мало хто мав сміливість мене підтримати. Але ти ні миті не вагався кинутися на моїх ворогів. Ми багато пройшли разом, і з Божою поміччю ми перемогли. Я радо прийму тебе і як мій {husband/wife}, і як співправителя {s14}.
qstr_Can{reg0?:_t}_sell_{|Чи{reg0?не:} можеш продати {s1} за {reg1}
qstr_You_sold_{reg1}_{reg|Ти продав {reg1} {reg3?предметів:предмет} до {s0} і отримав {reg0} {reg3?динарів:динар}.
qstr_You_sold_{reg1}_{reg3|Ти продав {reg1} {reg3?предметів:предмет} до {s0} і отримав {reg0} {reg3?динарів:динар}.
qstr_You_have_bought_{reg|Ти купив {reg2} {reg4?видів:вид} їжі і втратив {reg1} {reg3?динарів:динар}.
qstr_You_sold_{reg2}_{reg|Ти продав {reg2} {reg4?видів:вид} гнилої їжі і отримав {reg1} {reg3?динарів:динар}.
qstr_axe|сокира
qstr_spear|спис
qstr_bow|лук
qstr_sword|меч
qstr_axes|сокири
qstr_spears|списи
qstr_bows|луки
qstr_swords|мечі
qstr_swing_my_axe|махнути сокирою
qstr_lift_my_spear|підняти спис
qstr_loose_my_arrows|пустити стріли
qstr_swing_my_sword|махнути мечем
qstr_sultan|султан
qstr_khans|хани
qstr_sultans|султани
qstr_kings|королі
qstr_lord|лорд
qstr_lords|лорди
qstr_goatherd|козопас
qstr_swineherd|свинопас
qstr_stable_{boy/girl}|стаєнний {хлопець/дівчина}
qstr_shepherd_{boy/girl}|пастух {хлопець/дівчина}
qstr_kvass|квас
qstr_kumis|кумис
qstr_mead|мед
qstr_wine|вино
qstr_{reg6?M:m}y_poppet|{reg6?М:м}оя лялечко
qstr_{reg0?Y:y}ou|{reg0?Т:т}и
qstr_{reg0?M:m}yself|{reg0?Я:я} сам
qstr_{reg0?O:o}ur_{s1}_{s|{reg0?Н:н}аш {s1} {s0}
qstr_{reg0?M:m}y_{s1}_{s0|{reg0?М:м}ій {s1} {s0}
qstr_{reg0?Y:y}our_{s1}_{|{reg0?Т:т}вій {s1} {s0}
qstr_{s2}:_{reg3}_{reg4}|{s2}: {reg3}, {reg4} днів
qstr_{s4}:_{reg4}|{s4}: {reg4}
qstr_{s1}_gathering_suppo|{s1}(збирає підтримку)
qstr_{s1}__intelligence_|{s1} (розвідка)
qstr_{s1}__ambassy_|{s1} (посольство)
qstr_{s1}__minister|{s1} (міністр
qstr_{s1}__under_arms_|{s1} (під зброєю)
qstr_{s1}__attempting_to_|{s1} (намагається приєднатися)
qstr_{s1}__separated_afte|{s1} (відокремлена після бою)
qstr__knows_of_you.| знає про тебе.
qstr__has_no_opinion_abou| не має думки про тебе.
qstr_{s57}_and_{s50}|{s57} і {s50}
qstr_Calradia.|Кальрадія.
qstr_sworn_man|присяжна людина
qstr_ruler|правитель
qstr_free_man|вільна людина
qstr_{s1}_Renown:_{reg40}|{s1} Слава: {reg40}, Суперечливість: {reg41}^Честь: {reg42}, Право на трон: {reg43}^Ти {s44} з {s45}^{reg45?{reg46?Твій сюзерен, {s46},{s47}:Ти правитель {s45}}:}^^Друзі: ^Вороги: ^^Наділи:^  {reg50?{s50}:нема наділу}
qstr_{s1}{s2}_{reg46?Repu|{s1}{s2} {reg46?Кажуть, {s42}:}^Слава: {reg40}, Суперечливість: {reg41} {reg46?Нетерплячість: {reg43}:}^{s44} дворянин {s45}^{reg46?Сюзерен: {s46}, Стосунки: {reg47}:Правитель {s45}}^^{reg48?Наразі полонений {s48}:}^Днів з останньої зустрічі: {reg49}^^Наділи {reg51?(обіцяно наділ):}:^  {reg50?{s50}:нема наділу}
qstr_conventional|звичайна
qstr_adventurous|авантюрна
qstr_otherwordly|потойбічна
qstr_ambitious|амбітна
qstr_moralist|моралістка
qstr_just_met|щойно зустрінуті
qstr_admirer|шанувальник
qstr_promised|обіцяна
qstr_breakup|розрив
qstr_unknown|невідомо
qstr_Heroic_{s50}|Героїчна {s50}
qstr_Allegoric_{s50}|Алегорична {s50}
qstr_Comic_{s50}|Комічна {s50}
qstr_Mystic_{s50}|Містична {s50}
qstr_Tragic_{s50}|Трагічна {s50}
qstr_{s1}{s2}_Controversy|{s1}{s2} Суперечливість: {reg41}^Репутація: {s42}, Залицяння: {s43}^Належить до {s45}^{reg46?Її батько, {s46}:Її опікун, {s46}}{s47}^Дозволено відвідувати: {reg45?так:ні} {reg48?Заручена з {s48}:}^^Днів з останньої зустрічі: {reg49}^^Вірші:^  {reg50?{s50}:віршів не чуто}
qstr_Gathering_support|Збір підтримки
qstr_Gathering_intelligen|Збір розвідки в {s66}
qstr_Ambassy_to_{s66}|Посольство до {s66}
qstr_Minister|Міністр
qstr_{s1}_{s2}^Reputatio|{s1}, {s2}^Репутація: {s42}^Народжена в {s43}^Контакт в {s44} з {s45}.^^{reg48?Наразі полонена {s48}:}^Днів з останньої розмови: {reg49}^^Поточна місія:^  {s50}{reg50?, назад за {reg50} днів.:}
qstr_{s1}^|{s1}^
qstr_Added_money_for_your|Додано грошей за твого старого коня
qstr_A_{s0}_is_being_buil|Будується {s0}. Завершиться за {reg6} днів
qstr_{s20}{reg2?Our_gover|{s20}{reg2?Наш уряд:Уряд {s5}} — {s0}.{reg3?^: }
qstr_{s20}The_upper_class|{s20}Вище класове суспільство — {s0}.{reg3?^: }
qstr_{s20}{reg2?Our:The}_|{s20}{reg2?Наші:Люди} — {s0}.{reg3?^: }
qstr_{s20}{reg2?Our:The}_t|{s20}{reg2?Наші:Війська} мають {s0}.{reg3?^: }
qstr_{s20}{reg2?Our:The_g|{s20}{reg2?Наш:Урядовий} підхід до торгівлі — {s0}.{reg3?^: }
qstr_You_have_been_knocke|Ворог тебе оглушив. Дивися, як твої люди б'ються без тебе, або натисни Tab, щоб відступити.
qstr_Selected_Troop:_{s1}|Обраний воїн: {s1}
qstr_No_Troops_Left.|Військ не лишилося.
qstr_Checking_rejoin_of_{|Перевірка повернення {s10} днів на місії: {reg0}
qstr_{s0}__{s50}_|{s0} ({s50})
qstr_{s55}__{reg0}%_|{s55} ({reg0}%)
qstr_{s55}|{s55}
qstr_Staff:|Персонал:
qstr_You_paid_{reg0}_cash|Ти сплатив {reg0} готівкою, щоб ліквідувати борг
qstr_Earlier_cash:|Раніше готівка:
qstr_New_cash:|Нова готівка:
qstr_Name:_{s1}^Level:_{r|Ім'я: {s1}^Рівень: {reg1}
qstr_{s1}^HP:_{reg1}/{reg|{s1}^Здоров'я: {reg1}/{reg2}
qstr_{s1}|{s1}
qstr_Weapon_upgrade_setti|Налаштування покращення зброї:
qstr_Apply_to_everyone|Застосувати до всіх
qstr_Upgrade_armor_|Покращити броню
qstr_Upgrade_horse_|Покращити коня
qstr_Select_your_domestic|Оберіть вашу внутрішню політику
qstr_Centralization:|Централізація:
qstr_Aristocracy:|Аристократія:
qstr_Serfdom:|Кріпацтво:
qstr_Troop_quality:|Якість військ:
qstr_Mercantilism:|Меркантилізм:
qstr_High_centralization_|Висока централізація зменшує податкову неефективність для короля і підвищує її для васалів. Це зашкодить стосункам між правителем і васалами.
qstr_High_aristocracy_wil|Висока аристократія покращить стосунки між королем і його васалами, які зможуть збирати більші армії, але торгівля зменшиться.
qstr_High_serfdom_reduces|Високе кріпацтво зменшує податкову неефективність для короля і його васалів, і васали можуть утримувати більші армії, але війська втрачають мораль.
qstr_High_troop_quality_i|Висока якість військ підвищує бойову силу, але зменшує розмір армії.
qstr_Mercantilistic_polic|Меркантилістична політика максимізує експорт, мінімізуючи імпорт, і посилює державне регулювання промисловості.
qstr_Cancel|Скасувати
qstr_Dictate_the_peace_te|Продиктувати мирні умови
qstr_Select_the_castle_an|Оберіть замок і суму грошей і позначте прапорці, щоб активувати вимогу. Вимоги поєднуються, якщо позначені обидва прапорці.
qstr_1000_denars|1000 динарів
qstr__Faction_Relations_R| Звіт про стосунки фракцій
qstr__Return_to_menu_| Повернутися до меню
qstr_Your_kingdom|Ваше королівство
qstr_Player^Relation|Гравець^Стосунки
qstr_War|Війна
qstr_Casus_Belli|Казус беллі
qstr_Peace|Мир
qstr_Truce|Перемир'я
qstr_Alliance|Союз
qstr_Defense|Оборона
qstr_Trade|Торгівля
qstr_{reg59?{reg59}_days:|{reg59?{reg59} днів:}
qstr_{reg61}|{reg61}
qstr_{s9}|{s9}
qstr_{reg1}|{reg1}
qstr_{s3}|{s3}
qstr_{reg61}_{reg58?_{reg|{reg61} {reg58?({reg58} О) :}Центри
qstr_{reg62}_Caravans|{reg62} Каравани
qstr_{reg60}_{reg59?_{reg|{reg60} {reg59?({reg59} П) :}Лорди
qstr_How_will_your_male_v|Як називатимуться ваші васали-чоловіки?
qstr_How_will_your_female|Як називатимуться ваші васали-жінки?
qstr_Use_the_Titles_Enter|Використати введені вище титули.
qstr_Use_Default_Titles__|Використати стандартні титули (Лорд/Леді).
qstr_Sell_items_automatic|Продавати предмети автоматично при виході:
qstr_Price_limit_for_auto|Ціновий ліміт для автопродажу:
qstr_Item_types_for_auto_|Типи предметів для автопродажу:
qstr_Select_all|Обрати все
qstr_Select_invert|Інвертувати вибір
qstr_Buy_food_automatical|Купувати їжу автоматично при виході:
qstr_*|*
qstr__Courtships_in_progr| Залицяння в процесі
qstr__Known_Lords_by_Rela| Відомі лорди за стосунками
qstr__Character_&_Compani| Персонаж і супутники
qstr__Done_| Готово
qstr_Your_supporters|Ваші прихильники
qstr_Swadians|Свадійці
qstr_Vaegirs|Вегіри
qstr_Khergits|Кергити
qstr_Nords|Норди
qstr_Rhodoks|Родоки
qstr_Sarranids|Сараніди
qstr_All_Factions|Усі фракції
qstr_Default_camera_mode|Стандартний режим камери
qstr_Keyboard|Клавіатура
qstr_Mouse|Миша
qstr_Follower|Послідовник
qstr_Raise_camera|Підняти камеру
qstr_Lower_camera|Опустити камеру
qstr_Lower_sensitivity|Зменшити чутливість
qstr_Tilt_left|Нахил вліво
qstr_Prev_troop|Попередній воїн
qstr_Raise_sensitivity|Підвищити чутливість
qstr_Tilt_right|Нахил вправо
qstr_Next_troop|Наступний воїн
qstr_Zoom_in|Наблизити
qstr_Rotate_up|Повернути вгору
qstr_Zoom_out|Віддалити
qstr_Rotate_down|Повернути вниз
qstr_Rotate_left|Повернути вліво
qstr_Rotate_right|Повернути вправо
qstr_Press_a_key|Натисніть клавішу
qstr__Next_pay_day:_{s1}| Наступний день платні: {s1}
qstr_{s1}^^Affiliated_to_|{s1}^^Споріднений з {s5}
qstr_As_a_child_your_fam|У дитинстві ваша родина ледве зводила кінці з кінцями на платню батька як охоронця місцевого лорда. Життя було нелегким, і ви були надто бідні, щоб здобути освіту. Ви навчилися переважно захищатися на вулицях, зі зброєю в руках чи без.
qstr_On_loan|У позиці,
qstr_Being_Driven|Женуть
qstr_Grazing|Пасеться
qstr_{s9}_wants_you_to_fol|{s9} хоче, щоб ви слідували за {reg0?її:його} армією до подальших вказівок.
qstr_liege|сюзерен
qstr_former_liege|колишній сюзерен
qstr_affiliate|споріднений
qstr_former_companion|колишній супутник
qstr_marshall|маршал
qstr_vassal|васал
qstr__You_see_the_banner_of| Ви бачите стяг вашого {s11} {s7} над міськими воротами.
qstr__You_see_the_banner_of_| Ви бачите стяг {s7} над міськими воротами.
qstr_However_since_you_a|Однак, оскільки ви не присяжний {man/послідовник} {s9}, нема шансів, що {reg0?вона:він} визнає вас {лордом/леді} цього {reg8?міста:замку}.
qstr_As_you_approach_you|Коли ви наближаєтеся, вас помічає замкова варта, яка вітає вас і відчиняє ворота для свого {s10}.
qstr__You_remember_that_th| Ви пам'ятаєте, що це село і навколишні землі належать {s7}.
qstr__The_peasants_hired_| Селяни найняли найманців і бунтують проти вас.
qstr_Try_as_you_might_yo|Хоч як ви старалися, ви не змогли перемогти бандитів. Розлючені, вони зрівнюють село із землею, щоб покарати селян, а потім лишають спалену пустку позаду, щоб знайти зеленіші пасовиська для грабунку.
qstr_The_{s17}_has_the_fol| {s17} має такі покращення:{s18}.
qstr__The_banner_of_your_| Стяг вашого {s11} {s7} майорить над міськими воротами.
qstr_Moreover_you_earn_{|Ба більше, ви заробляєте {reg8} динарів з хитрих ставок, поставлених на себе...
qstr_However_{reg3?You_a|Однак {reg3?ви:{s1}} не може знайти торгових товарів, що принесли б прибуток.
qstr_Find_and_speak_with_{|Знайдіть і поговоріть з {s3} з {s4}, щоб дати {reg4?їй:йому} вашу клятву пошани.
qstr_{reg0}|{reg0}
qstr_positive|позитивні
qstr_negative|негативні
qstr_{s11}^^_The_current_|{s11}^^ Поточний гарнізон складається з {reg5} воїнів.^Запасів їжі вистачить на {reg6} днів.
qstr_^^Additional_the_fol|^^Додатково такі загони наразі всередині:^
qstr_{s12}_{s3}_with_{reg|{s12} {s3} з {reg1} воїнами.^
qstr_{playername}_^^I_al|{playername}, ^^Я завжди знав, що ти погане яйце, з дня, коли ти присягнув моєму клану. ^Невже ти думав, що зможеш нацькувати мою родину на мене? Ти скинув маску, зміюко! Ти — кара, і я більше не терпітиму. ^Цим я зрікаюся тебе і виганяю з мого дому. Я закликав мою родину битися з тобою, і я попереджу лордів Кальрадії про твою ганьбу. ^Тремти від страху, в тебе смертельний ворог! ^^{s9}.
qstr_{playername}^^_I_ve|{playername},^^ Я отримав листа від {s9} з розповіддю про твої ганебні махінації. За нинішніх обставин {s9} не зміг надати доказів. Але на відміну від тебе, {reg1?вона:він} — видатний член моєї родини; і за всі ці роки в мене не було причин не довіряти {reg1?їй:йому}. Я приймаю звинувачення {reg1?її:його} як належне. ^Сподіваюся, тобі не вдалося розбити єдність моєї родини. Цим я відхиляю твою клятву: ти більше не споріднений з моїм домом. Кожен член помститься тобі по совісті... ^Мені було б соромно зізнатися, як ти зловмисно мене обдурив, тож я не викликатиму тебе, щоб не відповідати за твою смерть перед моїм {s11}. Однак я не звик розповідати {reg0?їй:йому} про кожного щура, якого розчавлю в пустелі, і колись я можу знайти тебе там! ^^{s10}
qstr_{playername}|{playername}
qstr_Troops:_{reg1}|Війська: {reg1}
qstr_Prosperity_Report^|Звіт про процвітання^
qstr_Total|Разом
qstr_{s0}^{s1}_Average_To|{s0}^{s1} Середнє процвітання міст: {reg0}
qstr_{s0}^{s1}_towns_with|{s0}^{s1} міст з процвітанням 80-100: {reg0}
qstr_{s0}^{s1}_towns_with_|{s0}^{s1} міст з процвітанням 60-79: {reg0}
qstr_{s0}^{s1}_towns_with_p|{s0}^{s1} міст з процвітанням 40-59: {reg0}
qstr_{s0}^{s1}_towns_with_pr|{s0}^{s1} міст з процвітанням 20-39: {reg0}
qstr_{s0}^{s1}_towns_with_pro|{s0}^{s1} міст з процвітанням 0-19: {reg0}
qstr_{s0}^{s1}_Average_Vi|{s0}^{s1} Середнє процвітання сіл: {reg0}
qstr_{s0}^{s1}_villages_w|{s0}^{s1} сіл з процвітанням 80-100: {reg0}
qstr_{s0}^{s1}_villages_wi|{s0}^{s1} сіл з процвітанням 60-79: {reg0}
qstr_{s0}^{s1}_villages_wit|{s0}^{s1} сіл з процвітанням 40-59: {reg0}
qstr_{s0}^{s1}_villages_with|{s0}^{s1} сіл з процвітанням 20-39: {reg0}
qstr_{s0}^{s1}_villages_with_|{s0}^{s1} сіл з процвітанням 0-19: {reg0}
qstr_cut|рубані
qstr_pierce|колоті
qstr_blunt|дробильні
qstr_Damage_preference|Перевага шкоди
qstr_Item_meta_type|Мета-тип предмета
qstr_Upgrade_armor|Покращити броню
qstr_Upgrade_horse|Покращити коня
qstr_damage_type_changed_|тип шкоди змінено з {reg3}, слот {reg2} тепер {reg1}
qstr_damage_type_changed_f|тип шкоди змінено з {reg1}, слот {reg2} тепер {reg3}
qstr_meta_type_changed_fr|мета-тип змінено з {reg1}, слот {reg2} тепер {reg3}
qstr_finding_best_{reg2}|пошук найкращого {reg2},{reg1},{reg0} для {s1}
qstr_found_{s0}_better_va|знайдено {s0} краще значення {reg0} для {s1}
qstr_upgrading_slot_{reg2|покращення слоту {reg2} предметом {reg0}, поточна оцінка {reg1}
qstr_upgrading_slot_{reg2}|покращення слоту {reg2} предметом {reg0}, поточна оцінка для {s1}: {reg1}
qstr_{s1}_better_than_{s2|{s1} краще за {s2}, оцінка {reg1}
qstr_sworn_{man/woman}|присяжний {man/woman}
qstr_free_{man/woman}|вільний {man/woman}
qstr_{s1}{s2}_{reg46?Reput|{s1}{s2} {reg46?Кажуть, {s42}:}^Слава: {reg40}, Суперечливість: {reg41} {reg46?Нетерплячість: {reg43}:}^{reg44?{s44} д:Д}ворянин {s45}^{reg46?Сюзерен: {s46}, Стосунки: {reg47}:Правитель {s45}}^^{reg48?Наразі полонений {s48}:}^Днів з останньої зустрічі: {reg49}^^Наділи {reg51?(обіцяно наділ):}:^  {reg50?{s50}:нема наділу}
qstr_High_centralization_r|Висока централізація зменшує податкову неефективність для короля і підвищує її для васалів. Це зашкодить стосункам між правителем і васалами.
qstr_{s10}s|{s10}и
qstr_{s1}{s2}_{reg46?Repute|{s1}{s2} {reg46?Кажуть, {s42}:}^Слава: {reg40}, Суперечливість: {reg41} {reg46?Нетерплячість: {reg43}:}^{reg46?{reg44?{s44} дворянин:Дворянин} {s45}^Сюзерен: {s46}, Стосунки: {reg47}:Правитель {s45}}^^{reg48?Наразі полонений {s48}:}^Днів з останньої зустрічі: {reg49}^^Наділи {reg51?(обіцяно наділ):}:^  {reg50?{s50}:нема наділу}
qstr_next_weapons|наступна зброя
qstr_swapping_weapons|заміна зброї
qstr_to_{s1}|до {s1}
qstr_our_realm|наше королівство
qstr_Agreed!_Your_words_co|Згоден! Твої слова переконують мене не менше за твій {s10}.
qstr_May_God_have_mercy_on|Нехай Бог змилується над душами наших ворогів, бо ми — ні!
qstr__I_will_appreciate_yo| Я цінуватиму тебе як {сина/доньку}.
qstr_I_accept_your_request|Я приймаю твоє прохання. Ми підтримаємо тебе, якщо ти натомість підтримаєш мою родину.
qstr_Since_you_are_worthy|Оскільки ти гідна нашої поваги, ласкаво просимо до нашої родини.
qstr_Your_leader_is_not_ev|Твій лідер навіть не {reg0?королева:король}, а я маю до вас приєднатися?
qstr_You_have_raised_{reg|Ти зібрав {reg0/reg1} динарів на викуп
qstr_{s1}_at_the_behest_o|{s1} за наказом {s2}
qstr_Your_caravan_sending_|Ваш караван, що везе {s12} до {s13}, пограбовано{s10}!
qstr_Your_messenger_on_the|Ваш гінець дорогою до {s13} потрапив у засідку{s10}!
qstr_Reinforcements_from_|Підкріплення з {s12} для {s13} перехоплено {s10}!
qstr_You_can_find_{s10}s_|{s10} знайдеш у {s11}.
qstr_Sell_items_automatica|Продавати предмети автоматично при виході:
qstr_You_have_raised_{reg0|Ти зібрав {reg0} динарів на викуп
qstr_You_are_unable_to_pa|Ти не можеш сплатити за житло!
qstr_High_mercantilistic_|Висока меркантилістична політика максимізує експорт, мінімізуючи імпорт, і посилює державне регулювання промисловості.
qstr_Our_kingdom_currently|Наше королівство наразі має {reg2} воїнів гарнізоном у
qstr_{s6}_{reg2}_{reg1?to|{s6} {reg2} {reg1?міст:місто}{reg3? і:.}
qstr_{s6}_{reg3}_castles.|{s6} {reg3} замків.
qstr_{s6}_garrisoned_in_{r|{s6} гарнізоном у {reg2?{reg2} містах:}{reg2?{reg3?: і }:}{reg3?{reg3} замках:}.
qstr_Your_messenger_has_lo|Ваш гінець збився зі шляху і покинув вашу місію!
qstr_{s1}_at_{s2}|{s1} в {s2}
qstr_{s9}{reg5?_and_the_lo|{s9}{reg5? і лорд {s8}:}.
qstr_{s13}_asked_you_to_de|{s13} попросив вас розібратися з {s12}, що займають село {s15}, а потім доповісти {reg65?їй:йому}.
qstr_Attach|Приєднати
qstr_Reinforce|Підкріпити
qstr_Encounter|Зустріти
qstr_Exchange|Обміняти
qstr_Detach_{s1}_at_{reg1|Відокремити {s1} в {reg1},{reg2}
qstr_Detach_All|Відокремити все
qstr_Win_Battle|Виграти бій
qstr_Lose_Battle|Прогарти бій
qstr_Wound_All|Поранити всіх
qstr_Heal_All|Вилікувати всіх
qstr_Spawn_Bandits|Створити бандитів
qstr_You_have_raised_{reg0}|Ти зібрав {reg0}/{reg1} динарів на викуп
qstr_Name:_{s1}^Level:_{re|Ім'я: {s1}^Рівень: {reg2}^Здоров'я: {reg1}/{reg0}
qstr_Please_select_a_comp|Прошу, оберіть супутника.
qstr_Export/Import|Експорт/Імпорт
qstr_Reselect_Banner|Переобрати стяг
qstr_{s2}^{s8}^_{s5}_|{s2}^{s8}^({s5})
qstr_{s2}^{s1}of_{s0}|{s2}^{s1}з {s0}
qstr_Name:_{s4}^Level:_{r|Ім'я: {s4}^Рівень: {reg3}^Здоров'я: {reg2}/{reg0}^^{s0}
qstr_Arms|Зброя
qstr_Outfit|Одяг
qstr_Horse|Кінь
qstr_Attributes:|Атрибути:
qstr_{s3}^STR:_{reg1}^INT|{s3}^Сила: {reg1}^Інтелект: {reg2}^^Навички:
qstr_{s3}^Power_Strike:_{|{s3}^Потужний удар: {reg1}^Потужний постріл: {reg2}^Потужний кидок: {reg3}^Кінна стрільба: {reg4}^^Володіння:
qstr_{s3}^1_Hand_Wpns:_{r|{s3}^Одноручна: {reg1}^Дворучна: {reg2}^Древкова: {reg3}
qstr_{s4}^^AGI:_{reg1}^CH|{s4}^^Спритність: {reg1}^Харизма: {reg2}^^
qstr_{s4}^Ironflesh:_{reg|{s4}^Залізне тіло: {reg1}^Атлетика: {reg2}^Щит: {reg3}^Верхова їзда: {reg4}^^
qstr_{s4}^Archery:_{reg1}|{s4}^Стрільба: {reg1}^Арбалети: {reg2}^Метання: {reg3}
qstr_Not_enough_money_in_t|Недостатньо грошей у скарбниці, щоб покращити {s6}.
qstr_You_are_preferring_{|Ви надаєте перевагу загонам {s12}.
qstr__and_the_additional_t| і додаткові тренери {s13}, що дозволяють підвищити до рівня {reg13}
qstr_Please_select_a_hero|Прошу, оберіть героя.
qstr_{s7}^{s6}^{s5}|{s7}^{s6}^{s5}
qstr_{s3}^STR:_{reg1}^AGI|{s3}^Сила: {reg1}^Спритність: {reg2}^Інтелект: {reg3}^Харизма: {reg4}
qstr_{s3}^^Proficiencies:|{s3}^^Володіння:^{s11}: {reg1}^{s12}: {reg2}^{s13}: {reg3}^{s14}: {reg4}^{s15}: {reg5}^{s16}: {reg6}
qstr_Skills:|Навички:
qstr_{s4}^{s1}_:_{reg1}|{s4}^{s1} : {reg1}
qstr_Renown:_{reg1}^^Hono|Слава: {reg1}^^Честь: {reg2}^^Право на трон: {reg3}
qstr_{s5}^{s6}^{s7}|{s5}^{s6}^{s7}
qstr_Renown:_{reg1}^Honor|Слава: {reg1}^Честь: {reg2}^Право на трон: {reg3}
qstr_{s5}^^{s6}^^{s7}|{s5}^^{s6}^^{s7}
qstr__Renown:_{reg1}^_Hon| Слава: {reg1}^ Честь: {reg2}^ Право на трон: {reg3}
qstr__Renown:_{reg2}^{s2}| Слава: {reg2}^{s2}^{s1}з {s0}
qstr_{s3}^^Proficiencies:^|{s3}^^Володіння:^Одноручна: {reg1}^Дворучна: {reg2}^{s13}: {reg3}^{s14}: {reg4}^{s15}: {reg5}^Метання: {reg6}
qstr_{s2}^{reg2?:{reg1}_}|{s2}^{reg2?:{reg1} }{s1} здобув {reg0} досвіду.
qstr_{s3}^^Proficiencies:^1|{s3}^^Володіння:^Одноручна: {reg1}^Дворучна: {reg2}^{s13}: {reg3}^{s14}: {reg4}^{s15}: {reg5}^Метання: {reg6}
qstr_{s1}_at_{reg1}|{s1} в {reg1}
qstr_You_are_attacked_by_a|На вас напала група {s1}!
qstr_{s1}^{reg1}:_{reg0}|{s1}^{reg1}: {reg0}
qstr_Inspect|Оглянути
qstr_There_has_been_a_rio|В {s6} стався бунт!
qstr__The_peasants_hired_{| Селяни найняли {reg8} найманців і бунтують проти вас.
qstr__The_peasants_{reg8?| Селяни {reg8?найняли {reg8} найманців і :}бунтують проти вас.
qstr_{s1}_price_:_{reg2}_|{s1} ціна : {reg2} в слоті {reg4}, ймовірність: {reg3};{reg1} загалом
qstr_{s11}_asked_you_to_fo|{s11} попросив вас стежити за шпигуном, що вийде з {s12}. Обережно, щоб шпигун не побачив вас дорогою, або {reg3?вона:він} може запідозрити і повернути. Щойно шпигун зустрінеться зі {reg3?своїм:своїм} спільником, ви маєте їх схопити і привести назад до {s11}.
qstr_{reg4?She:He}_is_not_|{reg4?Вона:Він} наразі не командує жодними воїнами.
qstr_Captured_{reg1}_vill|Захоплено {reg1} селян.
qstr_The_village_of_{s1}_h|Село {s1} розграбовано {s2}.
qstr_{s0}_will_{reg0?:not|{s0} буде {reg0?:не }під вашим командуванням
qstr_{s51}|{s51}
qstr__Deserted_|(Покинуте)
qstr_nowhere_in_particula|ніде конкретно
qstr_{reg1}_:_{s1}|{reg1} : {s1}
qstr_{s1}_troops|війська {s1}
qstr_The_battle_was_lost.|Бій програно. Ваші сили вщент розбиті.
qstr_Your_forces_are_build|Ваші сили будують обложну вежу. Вони оцінюють ще {reg9} годин до завершення.
qstr_{s51}_belongs_to_{s1}_of|{s51} належить {s1} з {s2}, і є {reg1?вашою столицею:місцем вашого двору}.^
qstr_Kngdom_of_{s7}|Королівство {s7}
qstr__Your_{reg1?capital_| Ваш {reg1?столиця:двір знаходиться} тут{reg0? з вашою дружиною, {s0} в резиденції:}.
qstr__Your_household_can_| Ваше господарство знаходиться тут.
qstr_{reg6}^value|{reg6}^цінність
qstr_{reg4}^index|{reg4}^індекс
qstr_{reg6}^money_in_the_|{reg6}^грошей у скрині
qstr_{reg4}^money_in_your|{reg4}^грошей у вашому інвентарі
qstr_Withdraw|Зняти
qstr_Deposit|Внести
qstr_{reg1}^value|{reg1}^цінність
qstr_{reg2}^index|{reg2}^індекс
qstr_{s11}_gave_you_a_fake|{s11} дав вам фальшивого листа, щоб обдурити {s13} і змусити вигнати {reg3?її:його} васала {s16}. Ви маєте підійти до {s14}, віддати листа одному з ваших {s15} і відправити {reg4?її:його} до міста як гінця, вірячи, що накази справжні.
qstr_{s9}_has_requested_yo|{s9} попросив вас привести {reg65?їй:йому} {reg1} {s3} як полонених.
qstr_{reg1}_parties_befor|{reg1} загонів до, {reg2} загонів після
qstr_{reg1}_parties_before|{reg1} загонів до, {reg2} загонів після, останній загін {reg3}
qstr_{reg1}:{s1}|{reg1}:{s1}
qstr_{reg2}:{s2}|{reg2}:{s2}
qstr_before_{reg2}:{s2}|до {reg2}:{s2}
qstr_after_{reg2}:{s2}|після {reg2}:{s2}
qstr_{reg1}_parties_before_|{reg1} загонів до, {reg2} загонів після останнього {reg3}
qstr_hero|герой
qstr_companion|супутник
qstr_king|король
qstr_pretender|претендент
qstr_lady|леді
qstr_bandit|бандит
qstr_minstrel|менестрель
qstr_bookseller|книготорговець
qstr_traveler|мандрівник
qstr_ransom_broker|посередник з викупу
qstr_mercenary|найманець
qstr_multiplayer_troop|мережевий воїн
qstr_quick_battler|швидкий боєць
qstr_arena_master|майстер арени
qstr_walker|перехожий
qstr_merchant|купець
qstr_armor_merchant|торговець бронею
qstr_weapon_merchant|торговець зброєю
qstr_tavernkeeper|шинкар
qstr_goods_merchant|торговець товарами
qstr_horse_merchant|торговець кіньми
qstr_guildmaster|голова гільдії
qstr_village_elder|старійшина села
qstr_startup_merchant|купець-початківець
qstr_tournament_fighter|турнірний боєць
qstr_court_member|член двору
qstr_fighter|боєць
qstr_{reg1}_/{reg2}:_{s1}|{reg1} /{reg2}: {s1}
qstr_{reg1}:_{s1}_{s2}|{reg1}: {s1}, {s2}
qstr_{s1}^becomes_to_{s2}|{s1}^стає до {s2}
qstr_{s1}_and_{s2}|{s1} і {s2}
qstr_{s1}^costs_{reg11}_t|{s1}^коштує {reg11} для покращення за {reg10} досвіду
qstr_{s1}^wage_of_{reg12}|{s1}^платня {reg12}, купівля коштує {reg13} продаж коштує {reg14}
qstr_{s1}_is_a_{s2}|{s1} — {s2}
qstr_{s2}^{reg1}:_{reg0}|{s2}^{reg1}: {reg0}
qstr_{reg1}/{reg2}:_{s1}|{reg1}/{reg2}: {s1}
qstr_{s1}^becomes_{s2}|{s1}^стає {s2}
qstr_{s1}^{reg0}:_{s2}|{s1}^{reg0}: {s2}
qstr_{s1}^{reg0}:|{s1}^{reg0}:
qstr_got_here|дістався сюди
qstr_1sword|1меч
qstr_2sword|2меч
qstr_staff|палиця
qstr_player_spawned_at_{r|гравець з'явився в {reg1}
qstr_got_here_at_{reg1}|дістався сюди в {reg1}
qstr_got_here_with_{s1}_{|дістався сюди з {s1} {s2}
qstr_player_at_{reg1}|гравець в {reg1}
qstr_loadout_for_team_{re|спорядження для команди {reg1}: {s1}, {s2}, {s3}
qstr_bow_{reg1}_xbow_{reg|лук {reg1} арбалет {reg2} метання {reg3}
qstr_1h_{reg1}_2h_{reg2}_|1р {reg1} 2р {reg2} древ {reg3}
qstr_final_type_{reg1}_at|фінальний тип {reg1} при володінні {reg2}
qstr_{reg1}:_{s1}|{reg1}: {s1}
qstr__Unfortunately_when| На жаль, коли варта розпитувала про шиночну бійку, ваш опис впізнали, і ви були не в стані з ними битися.
qstr_{reg1}:_{s1}_{s2}_i|{reg1}: {s1}, {s2} рівень {reg2} {s3} {s4}
qstr_{s1}_with_{reg1}_gol|{s1} з {reg1} золотом
qstr_{s1}_tasking_you_wit|{s1} доручає вам {s2}
qstr_{reg1}:_{s1}_{s2}_c|{reg1}: {s1}, {s2} класифікується як рівень {reg2} {s3} {s4}
qstr_{s4}_is_present_at_t|{s4} присутня в центрі як полонена
qstr_Your_soldiers_patrollin|Ваші воїни, що патрулюють {s51}, {reg6?повернулися:розпущені}, бо ви лишили фракцію!
qstr_Monarch:_+{reg6}^|Монарх: +{reg6}^
qstr_Marshal:_+{reg6}^|Маршал: +{reg6}^
qstr_Policy:_{reg6}%^|Політика: {reg6}%^
qstr_Castellan:_+{reg6}^|Каштелян: +{reg6}^
qstr_Current_party_size_i|Поточний розмір загону {reg10}/{reg5}.^Модифікатори розміру загону:^Базовий розмір: +30^Лідерство: {s2}{reg1}^Харизма: {s3}{reg2}^Слава: {s4}{reg3}^^{s8}{s7}{s6}{s9}РАЗОМ: {reg5}
qstr_{s40}_I__d_rather_st|{s40} Я б краще лишилася з моїм нинішнім сюзереном.
qstr_equipped_{s10}{s20}|споряджено {s10}{s20}
qstr_discarded_{s10}{s20}|викинуто {s10}{s20}
qstr_{s10}{s20}|{s10}{s20}
qstr_{s10}_upgrades_{s3}{|{s10} покращує {s3}{s11} (коштує {s1}) в {s4}, лишилося {reg0} динарів.
qstr_old:{s10}{s20}|старе:{s10}{s20}
qstr_new:{s10}{s20}|нове:{s10}{s20}
qstr_started_1_at_{reg1}|почато 1 в {reg1}
qstr_ended_1_at_{reg1}_s|завершено 1 в {reg1}, почато 2 в {reg2}
qstr_ended_2_at_{reg2}|завершено 2 в {reg2}
qstr_Removing_disguise...|Зняття маскування...
qstr_{s17}_has_{reg17}_de|{s17} має {reg17} динарів
qstr_{s1}_of_{s3}_has_been|{s1} з {s3} звільнено з полону {s2}.
qstr_{s6}_In_addition_we_h|{s6} Окрім того, маємо {reg2} воїнів у полі. в {reg3} арміях
qstr__preferring_{s12}_u|, надаючи перевагу загонам {s12}.
qstr_{s4}_{s3}._The_tax_ra|{s4} {s3}. Ставка податку {s50}.{s59}{s61}. Загалом це підсумовується до {s1}.
qstr_{s13}_asked_you_to_ga|{s13} попросив вас зібрати {reg3} голів худоби і доставити назад до {reg65?неї:нього}.
qstr_{s9}_asked_you_to_len|{s9} попросив вас позичити вашого супутника {s3} до {reg65?неї:нього} на тиждень.
qstr_{s9}_of_{s3}_asked_yo|{s9} з {s3} попросив вас доставити {reg5} одиниць {s6} до купецької крамниці в {s4} за 7 днів.
qstr_You_got_keys_to_the_|Ти отримав ключі від підземелля.
qstr_You_got_the_keys_to_|Ти отримав ключі від підземелля.
qstr_Reinforcements_from_{|Підкріплення з {s12} для {s13} перехоплено{s10}!
qstr_Deliver_{reg5}_units|Доставте {reg5} одиниць до {s5}
qstr_{s2}_now_has_{reg2}_|{s2} тепер має {reg2} динарів з грабунку
qstr_{s2}_now_has_{reg2}_d|{s2} тепер має {reg2} динарів від пограбування
qstr_{s1}_spends_time_in_|{s1} проводить час в {s2}, {reg1} -> {reg2} динарів
qstr_Acquired_{s0}_s_clot|Отримано одяг {s0}
qstr_Kingdom_of_{s7}|Королівство {s7}
qstr_Red:|Червоний:
qstr_Green:|Зелений:
qstr_Blue:|Синій:
qstr_You_paid_{reg0}_dena|Ти сплатив {reg0} динарів готівкою, щоб ліквідувати борг
qstr_{reg6}^money_in_the_{|{reg6}^грошей у {reg5?скарбниці:скрині}
qstr_You_ve_been_driven_aw|Вас відігнали від мурів. Тепер нападники вливаються на вулиці. Якщо переможете їх, може, переломите хід і врятуєте день.
qstr__From_your_vantage_p| З вашої вигідної позиції ви бачите чоловіка, схожого за описом на {s50}, що озброюється мечем під час метушні. Якщо не натиснете на втікача, він вислизне!
qstr_Select_a_suitable_di|Оберіть придатне маскування для цієї нагоди.
qstr_As_a_poor_pilgrim_wi|Як бідний пілігрим з міцною палицею і кількома хитрощами в рукаві, ви зможете злитися з натовпом, але не взяти багато цінного з собою.
qstr_As_a_farmer_you_wil|Як фермер, ви зможете гнати худобу і проносити харчі.
qstr_As_a_hunter_provisi|Як мисливець, провізія і сировина очікуються, а також конина.
qstr_As_a_caravan_guard_|Як охоронець каравану, ви зможете нести зброю, але лише трохи особистих речей.
qstr_As_a_merchant_you_w|Як купець, ви зможете везти будь-який асортимент товарів.
qstr_As_a_bard_you_will_|Як бард, вам дозволять трохи особистих речей і ваш інструмент.
qstr_{s13}_has_been_taken_|{s13} захоплено ворогом, а ваш вербувальник, якому доручено набрати {reg10} рекрутів, зник без сліду!
qstr_{s6}_{reg3}_{reg1?ca|{s6} {reg3} {reg1?замки:замок}.
qstr_{s6}_In_addition_we_ha|{s6} Окрім того, маємо {reg2} воїнів у полі {reg1?в {reg3} арміях:в одній армії}.
qstr_{s6}_In_addition_you_|{s6} Окрім того, маєте {reg2} воїнів у вашій ватазі і {reg3} воїнів у патрулях.
qstr_We_currently_have_an_|Наразі маємо дохід {reg0} динарів і витрати {reg1} динарів від наших наділів і гарнізонів.
qstr_Dispatch_your_oppone|Спершу розправтеся з супротивниками!
qstr_craftsman|ремісник
qstr_court_chests|придворні скрині
qstr_chest_or_array|скриня чи масив
qstr_log_array|масив журналу
qstr_quest_troop|квестовий воїн
qstr_coop_troop|кооп воїн
qstr_tutorial_fighter|навчальний боєць
qstr_{s0}_had_either_inva|{s0} мав недійсних гінців або вербувальників!
qstr_Lv._{reg0}|Рів. {reg0}
qstr_Perhaps_you_have_for|Може, ти забув обличчя свого батька.
qstr_Your_recruiter_who_was|Ваш вербувальник, якому доручено найняти {reg10} рекрутів для {s13}, розбитий!
qstr_{s13}_has_been_taken_b|{s13} захоплено ворогом, а ваш вербувальник зник без сліду!
qstr_Morale_for_{s9}_troo|Мораль військ {s9}: {reg6}
qstr_{s10}_hires_{reg2}_{s|{s10} наймає {reg2} {s12} в {s11}
qstr_{s0}_will_{reg0}be_u|{s0} буде {reg0}під вашим командуванням
qstr_Performing_2017_upda|Виконую оновлення 2017, дякую за терпіння!
qstr_all|все
qstr_troop|воїн
qstr_economic|економічна
qstr_political|політична
qstr_{s0}_will_be_under_y|{s0} буде під вашим командуванням
qstr_Current|Поточний
qstr_Court_Guard|Придворна варта
qstr_Prison_Guard|Тюремна варта
qstr_Castle_Guard|Замкова варта
qstr_adding_{s1}_to_entry|додавання {s1} до входу
qstr_lord_at_{reg0}_plyr|лорд в {reg0}, гравець{reg1}
qstr_{s1}_has_been_accept| {s1} прийнято васалом {s2}.
qstr_Horse_speed_fix:|Фікс швидкості коней:
qstr_Battle_Continuation:|Продовження бою:
qstr_Terrain_advantage:|Перевага місцевості:
qstr_Lords_returning_from|Лорди, що повертаються з вигнання:
qstr_AI_changes:|Зміни ШІ:
qstr_Economics_&_behavior|Економіка і поведінка:
qstr_Prejudice_level:|Рівень упереджень:
qstr_Cheat_menu:|Чит-меню:
qstr_DIPLOMACY4.3+_for_St|DIPLOMACY4.3+ для Steam^Налаштування
qstr_{reg1}_set_to_{reg2}|{reg1} встановлено до {reg2}
qstr_This_option_makes_ev|Ця опція змушує кожного коня в бою втрачати швидкість руху прямо відповідно до втрачених очок здоров'я.
qstr_This_option_let_your|Ця опція дозволяє вашим військам продовжувати бій, навіть якщо ви впадете в бою.
qstr_This_option_gives_ad|Ця опція дає перевагу в автобою тим загонам, які краще пристосовані до поточної місцевості.^Вершники погані в лісі, а лучники — кращі.
qstr_This_option_lets_exi|Ця опція дозволяє вигнаним лордам повертатися, щоб служити новому сюзерену.
qstr_This_option_lets_you|Ця опція дозволяє обрати рівень сили ШІ. Що вищий рівень, то вищий ШІ. Високий рівень експериментальний і може принести баги у вашу гру.
qstr_This_option_changes_|Ця опція змінює економічні і поведінкові значення на більш реалістичні. Високий рівень експериментальний і може принести баги у вашу гру.
qstr_This_option_lets_you_|Ця опція дозволяє обрати рівень сексизму в грі.
qstr_This_option_enables_|Ця опція вмикає чит-меню.
qstr_DIPLOMACY^4.3+_for_S|DIPLOMACY^4.3+ для Steam^Налаштування
qstr_Charge_When_Dead:|Атака після смерті:
qstr_Allow_Companion_Comp|Дозволити скарги супутників:
qstr_Disguise_System:|Система маскування:
qstr_Deathcam_Mode:|Режим камери смерті:
qstr_Horse_Speed_Fix:|Фікс швидкості коней:
qstr_Terrain_Advantages:|Переваги місцевості:
qstr_Lords_Returning_From|Лорди, що повертаються з вигнання:
qstr_AI_Changes:|Зміни ШІ:
qstr_Economics_&_Behavior|Економіка і поведінка:
qstr_Prejudice_Level:|Рівень упереджень:
qstr_Cheat_Menu:|Чит-меню:
qstr_Cheat_Mode:|Чит-режим:
qstr_Companion_Complaints|Скарги супутників
qstr_cheat|чит
qstr_disguise|маскування
qstr_npc|нпц
qstr_{s1}_wielding_{s2}|{s1} з {s2}
qstr_Horse_Culling:|Вибракування коней:
qstr_Recruit|Вербувати
qstr_{reg10}_{s10}s_neede|Потрібно {reg10} {s10}
qstr_Returning|Повернення
qstr_{s11}_peasants|селяни {s11}
qstr_our_undivided|наша неподільна
qstr_my_immediate|моя безпосередня
qstr_{reg0?her:his}|{reg0?її:його}
qstr_Talking_with_{s1}|Розмова з {s1}
qstr_Morale_for_{s9}_troop|Мораль військ {s9}: {reg6}.{reg7}
qstr_{playername}_^^I_alw|{playername}, ^^Я завжди знав, що ти погане яйце, з дня, коли ти присягнув моєму клану. ^Невже ти думав, що зможеш нацькувати мою родину на мене? Ти скинув маску, зміюко! Ти — кара, і я більше не терпітиму. ^Цим я зрікаюся тебе і виганяю з мого дому. Я закликав мою родину битися з тобою, і я попереджу всіх кальрадійських лордів про твою ганьбу. ^Тремти від страху, бо тепер у тебе смертельний ворог! ^^{s9}.
qstr_{playername}^^_I_ve_|{playername},^^ Я отримав листа від {s9} з розповіддю про твої ганебні махінації. За нинішніх обставин {s9} не зміг надати доказів. Але на відміну від тебе, {reg1?вона:він} — видатний член моєї родини; і за всі ці роки в мене не було причин не довіряти {reg1?їй:йому}. Тож я приймаю звинувачення {reg1?її:його} як належне. ^Сподіваюся, тобі не вдалося розбити єдність моєї родини. Цим я відхиляю твою клятву: ти більше не споріднений з моїм домом. Кожен член помститься тобі по совісті... ^Мені було б соромно зізнатися, як ти зловмисно мене обдурив, тож я не викликатиму тебе, щоб не відповідати за твою смерть перед моїм {s11}. Однак мені нема потреби розповідати {reg0?їй:йому} про кожного щура, якого розчавлю в пустелі, і колись я можу знайти тебе там! ^^{s10}
qstr_We_ve_barely_gotten_|Ми ледве познайомилися, а ти вже мене відсилаєш!
qstr_I_am_certainly_not_y|Я точно не твоя заблукала {reg65?дівчинка:хлопчик}...
qstr_How_do_I_know_there_|Звідки мені знати, що для мене лишиться місце, коли я повернуся з цієї подорожі?
qstr_I_believe_I_would_be|Вірю, що від мене було б більше користі, якби я лишився з іншими воїнами.
qstr_things|речі
qstr_You_have_assigned_th|Ти доручив це завдання {s1}
qstr_yet_to_be_determined|ще буде визначено
qstr_Since_we_are_close_t|Оскільки ми близько до {reg11?{reg10} тренувальних центрів:тренувального центру}, ти можеш поговорити з тренерами, щоб підготувати більшу партію.
qstr_Sorry_currently_I_ca|Вибачте, наразі не можу надати інформації про настрій королівства, наші шпигуни ще не звітували.
qstr_Sorry_currently_I_can|Вибачте, наразі не можу надати інформації про настрій королівства, оскільки наші шпигуни ще не звітували.
qstr_{s6}__{s50}_|{s6} ({s50})
qstr_no_outstanding_amoun|немає непогашеної суми
qstr_Performing_2019_upda|Виконую оновлення 2019, дякую за терпіння!
qstr_{reg0}_was_{reg1}|{reg0} був {reg1}
qstr_prejudice_is_{reg1}|упередження {reg1}
qstr_option_{reg0}:_was_{|опція {reg0}: була {reg1}
qstr_Bye_horses|Бувай, коні
qstr_Ouch|Ай
qstr_{s12}|{s12}
qstr_{s13}|{s13}
qstr_I_see._Perhaps_circu|Розумію. Може, обставини зміняться за кілька днів, але доти вдячний за твою щедру гостинність.
qstr_Disable_Companions_C|Вимкнути скарги супутників:
qstr_{s1}_price_:_{reg2}_i|{s1} ціна : {reg2} в слоті {reg4}, ймовірність: {reg3};{reg1} загалом п{reg13} в {reg14}
qstr_{s1}_price_:_{reg2}_o|{s1} ціна : {reg2} або {reg5} в слоті {reg4}, ймовірність: {reg3};{reg1} загалом п{reg14} в {reg15}
qstr_{s1}_price_:_{reg2}_or|{s1} ціна : {reg2} або {reg5} в слоті {reg4}, ймовірність: {reg3};{reg1} загалом п{reg13}/{reg14}в{reg15}/{reg16}
qstr_{s1}_price_:_{reg2}_or_|{s1} ціна : {reg2} або {reg5} в слоті {reg4}, ймовірність: {reg3};{reg1} загалом
qstr_{s1}_{reg1}|{s1} {reg1}
qstr_{s1}_price_:_{reg2}_or_{|{s1} ціна : {reg2} або {reg5} в слоті {reg4}, ймовірність: {reg3};{reg1} загалом п:{reg13},{reg14} в: {reg15}{reg16}
qstr_{s1}_{reg1}_{reg2}|{s1} {reg1}, {reg2}
qstr_{reg2}|{reg2}
qstr_{s1}_price_:_{reg2}_or_{r|{s1} ціна : {reg2} або {reg5} в слоті {reg4}, ймовірність: {reg3};{reg1} загалом п:{reg13},{reg14} в: {reg15},{reg16}
qstr_{s1}_{reg0}|{s1} {reg0}
qstr_{reg3}_state|{reg3} стан
qstr_{s1}_price_:_{reg2}_or_{re|{s1} ціна : {reg2} або {reg4} з ймовірністю: {reg3};{reg1}
qstr_{s1}_{reg1}/{reg3}_|{s1} {reg1}/{reg3}, {reg2} сировини
qstr_realm|королівство
qstr_{s9}_asked_you_to_lend|{s9} попросив вас позичити вашого супутника {s3} до {reg65?неї:нього} на тиждень.
