skl_trade|Торгівля
skl_trade_desc|З кожним новим рівнем цієї навички, торгові націнки зменшуються на 5%% (уміння групи).
skl_leadership|Лідерство
skl_leadership_desc|З кожним новим рівнем цієї навички число людей, якими Ви можете командувати, збільшується на 5, підвищується бойовий дух, а витрати на армію знижуються на 5%% (уміння лідера).
skl_prisoner_management|Утримання полонених
skl_prisoner_management_desc|З кожним новим рівнем цієї навички максимальне число полонених збільшується на %d (уміння лідера).
skl_reserved_1|Зарезервоване вміння 1
skl_reserved_1_desc|Це вміння зарезервовано.
skl_reserved_2|Зарезервоване вміння 2
skl_reserved_2_desc|Це вміння зарезервовано.
skl_reserved_3|Зарезервоване уміння 3
skl_reserved_3_desc|Це вміння зарезервовано.
skl_reserved_4|Зарезервоване вміння 4
skl_reserved_4_desc|Це вміння зарезервовано.
skl_persuasion|Переконання
skl_persuasion_desc|Це вміння допомагає Вам схиляти людей на свій бік (особисте вміння).
skl_engineer|Інженерія
skl_engineer_desc|Це вміння допомагає Вам будувати облогові машини та успішніше покращувати свій маєток (уміння загону).
skl_first_aid|Перша допомога
skl_first_aid_desc|Кожен новий рівень цієї навички відновлює у героїв 5%% здоров'я, втраченого при виконанні завдання (уміння загону).
skl_surgery|Хірургія
skl_surgery_desc|З кожним новим рівнем цієї навички кожен член загону отримує 4%% шанс уціліти при отриманні смертельного поранення (уміння загону).
skl_wound_treatment|Перев'язка ран
skl_wound_treatment_desc|З кожним новим рівнем цієї навички швидкість лікування загону зростає на 20%% (уміння загону).
skl_inventory_management|Пакування
skl_inventory_management_desc|З кожним новим рівнем цієї навички місткість Вашого інвентаря збільшується на 6 пунктів (уміння лідера).
skl_spotting|Пильність
skl_spotting_desc|З кожним новим рівнем цієї навички поле зору загону збільшується на 10%% (уміння загону).
skl_pathfinding|Пошук шляху
skl_pathfinding_desc|З кожним новим рівнем цієї навички швидкість пересування загону мапою збільшується на 3%% (уміння загону).
skl_tactics|Тактика
skl_tactics_desc|Кожен парний рівень цієї навички підвищує початкову перевагу в бою на 1 (уміння загону).
skl_tracking|Спостереження
skl_tracking_desc|Спостереження стає інформативнішим (уміння загону).
skl_trainer|Тренування
skl_trainer_desc|Один раз на день кожен герой віддає трохи досвіду тим членам загону, чиї навички гірші його власних. Число одержуваного досвіду: {0,4,10,16,23,30,38,46,55,65,80} (особисте вміння).
skl_reserved_5|Зарезервоване вміння 5
skl_reserved_5_desc|Це вміння зарезервовано.
skl_reserved_6|Зарезервоване вміння 6
skl_reserved_6_desc|Це вміння зарезервовано.
skl_reserved_7|Зарезервоване вміння 7
skl_reserved_7_desc|Це вміння зарезервовано.
skl_reserved_8|Зарезервоване вміння 8
skl_reserved_8_desc|Це вміння зарезервовано.
skl_looting|Збір трофеїв
skl_looting_desc|З кожним новим рівнем цієї навички число отриманої здобичі буде збільшуватися на 10%% (уміння загону).
skl_horse_archery|Стрільба з лука верхи
skl_horse_archery_desc|Дозволяє кінним лучникам стріляти точніше, завдавати більше ушкодження та рідше падати з сідла (особисте вміння).
skl_riding|Їзда верхи
skl_riding_desc|Дозволяє їздити на породистих конях і збільшує швидкість їзди і проворність коней (особисте вміння).
skl_athletics|Атлетика
skl_athletics_desc|Збільшує швидкість бігу (особисте вміння).
skl_shield|Володіння щитом
skl_shield_desc|Знижує пошкодження, яке наноситься по щиті (на 8%% з кожним новим рівнем), збільшує швидкість щита і зону покриття (особисте вміння).
skl_weapon_master|Володіння зброєю
skl_weapon_master_desc|Полегшує навчання та підвищує межу володіння зброєю. Межі бувають такі: 60, 100, 140, 180, 220, 260, 300, 340, 380, 420 (особисте вміння).
skl_reserved_9|Зарезервоване вміння 9
skl_reserved_9_desc|Це вміння зарезервовано.
skl_reserved_10|Зарезервоване вміння 10
skl_reserved_10_desc|Це вміння зарезервовано.
skl_reserved_11|Зарезервоване вміння 11
skl_reserved_11_desc|Це вміння зарезервовано.
skl_reserved_12|Зарезервоване вміння 12
skl_reserved_12_desc|Це вміння зарезервовано.
skl_reserved_13|Зарезервоване вміння 13
skl_reserved_13_desc|Це вміння зарезервовано.
skl_power_draw|Потужний постріл
skl_power_draw_desc|Дозволяє персонажеві користуватися потужними луками. З кожним новим рівнем цієї навички (максимум - 4, плюс параметр потужного пострілу у самого лука) ушкодження, яке завдається луком, збільшується на 14%% (особисте вміння).
skl_power_throw|Потужний кидок
skl_power_throw_desc|З кожним новим рівнем цієї навички ушкодження, яке завдається метальною зброєю, збільшується на 10%% (особисте вміння).
skl_power_strike|Потужний удар
skl_power_strike_desc|З кожним новим рівнем цієї навички ушкодження, яке завдається зброєю ближнього бою, збільшується на 8%% (особисте вміння).
skl_ironflesh|Стійкість
skl_ironflesh_desc|З кожним новим рівнем цієї навички запас здоров'я збільшується на 2 (особисте вміння).
skl_reserved_14|Зарезервоване вміння 14
skl_reserved_14_desc|Це вміння зарезервовано.
skl_reserved_15|Зарезервоване вміння 15
skl_reserved_15_desc|Це вміння зарезервовано.
skl_reserved_16|Зарезервоване вміння 16
skl_reserved_16_desc|Це вміння зарезервовано.
skl_reserved_17|Зарезервоване уміння 17
skl_reserved_17_desc|Це вміння зарезервовано.
skl_reserved_18|Зарезервоване вміння 18
skl_reserved_18_desc|Це вміння зарезервовано.