skinkey_chin_size|Розмір підборіддя
skinkey_chin_shape|Форма підборіддя
skinkey_chin_forward|Опуклість підборіддя
skinkey_jaw_width|Ширина щелепи
skinkey_jaw_position|Опуклість щелепи
skinkey_mouth_nose_distance|Відстань від рота до носа
skinkey_mouth_width|Ширина рота
skinkey_cheeks|Щоки
skinkey_nose_height|Висота носа
skinkey_nose_width|Ширина носа
skinkey_nose_size|Розмір носа
skinkey_nose_shape|Форма носа
skinkey_nose_bridge|Переднісся
skinkey_cheek_bones|Вилиці
skinkey_eye_width|Ширина очей
skinkey_eye_to_eye_dist|Посадка очей
skinkey_eye_shape|Форма очей
skinkey_eye_depth|Глибина очей
skinkey_eyelids|Повіки
skinkey_eyebrow_position|Положення брів
skinkey_eyebrow_height|Висота брів
skinkey_eyebrow_depth|Глибина брів
skinkey_eyebrow_shape|Форма брів
skinkey_temple_width|Форма голови
skinkey_face_depth|Рельєф обличчя
skinkey_face_ratio|Пропорції особи
skinkey_face_width|Ширина обличчя
skinkey_post_edit|Пост-редагування
skinkey_chin_size|Розмір підборіддя
skinkey_chin_shape|Форма підборіддя
skinkey_chin_forward|Опуклість підборіддя
skinkey_jaw_width|Ширина щелепи
skinkey_jaw_position|Опуклість щелепи
skinkey_mouth_nose_distance|Відстань від рота до носа
skinkey_mouth_width|Ширина рота
skinkey_cheeks|Щоки
skinkey_nose_height|Висота носа
skinkey_nose_width|Ширина носа
skinkey_nose_size|Розмір носа
skinkey_nose_shape|Форма носа
skinkey_nose_bridge|Перенісся
skinkey_cheek_bones|Вилиці
skinkey_eye_width|Ширина очей
skinkey_eye_to_eye_dist|Посадка очей
skinkey_eye_shape|Форма очей
skinkey_eye_depth|Глибина очей
skinkey_eyelids|Повіки
skinkey_eyebrow_position|Положення брів
skinkey_eyebrow_height|Висота брів
skinkey_eyebrow_depth|Глибина брів
skinkey_eyebrow_shape|Форма брів
skinkey_temple_width|Форма голови
skinkey_face_depth|Рельєф обличчя
skinkey_face_ratio|Пропорції
skinkey_face_width|Ширина обличчя
skinkey_post_edit|Пост-редагування